id_venda,data_venda,produto,regiao,quantidade,preco_unitario
1,2024-02-27,Webcam,Norte,3,170.82
2,2024-02-22,Mouse,Sul,1,81.45
3,2024-01-16,Notebook,Norte,2,3312.86
4,2024-01-14,Headset,Sul,2,229.5
5,2024-10-06,Webcam,Sudeste,2,178.17
6,2024-01-04,Teclado,Nordeste,4,145.21
7,2024-04-20,Mouse,Centro-Oeste,1,73.48
8,2024-07-02,Notebook,Centro-Oeste,5,3335.16
9,2024-08-23,Notebook,Sul,1,3831.18
10,2024-02-10,Monitor,Sul,3,959.29
11,2024-07-04,Headset,Sul,2,229.0
12,2024-12-04,Notebook,Nordeste,3,3839.66
13,2024-02-21,Mouse,Sudeste,3,79.25
14,2024-03-24,Teclado,Centro-Oeste,3,141.29
15,2024-12-25,Teclado,Norte,5,154.05
16,2024-05-05,Headset,Nordeste,4,214.7
17,2024-12-18,Webcam,Sul,2,186.65
18,2024-04-27,Notebook,Norte,3,3430.82
19,2024-04-18,Notebook,Sul,3,3298.84
20,2024-07-21,Monitor,Sudeste,2,857.68
21,2024-10-14,Mouse,Sul,3,83.95
22,2024-10-25,Monitor,Sudeste,3,849.48
23,2024-09-17,Mouse,Sudeste,1,84.09
24,2024-03-19,Notebook,Nordeste,4,3567.49
25,2024-07-14,Monitor,Sul,4,905.24
26,2024-01-06,Headset,Norte,5,231.04
27,2024-06-23,Webcam,Norte,3,177.65
28,2024-01-02,Monitor,Centro-Oeste,5,947.15
29,2024-02-24,Headset,Centro-Oeste,5,224.79
30,2024-07-10,Mouse,Nordeste,5,87.26
31,2024-01-01,Headset,Sul,3,219.5
32,2024-07-04,Notebook,Centro-Oeste,2,3190.55
33,2024-02-10,Headset,Norte,4,233.91
34,2024-03-05,Headset,Nordeste,4,239.66
35,2024-05-15,Mouse,Sul,5,78.77
36,2024-10-03,Mouse,Nordeste,3,78.38
37,2024-11-28,Webcam,Centro-Oeste,4,194.39
38,2024-03-02,Monitor,Nordeste,2,821.52
39,2024-10-28,Notebook,Sul,2,3561.91
40,2024-02-06,Notebook,Norte,2,3197.18
41,2024-06-18,Notebook,Norte,5,3316.6
42,2024-09-05,Webcam,Nordeste,5,166.76
43,2024-10-22,Headset,Sudeste,2,232.52
44,2024-04-07,Monitor,Norte,1,928.62
45,2024-08-04,Teclado,Sudeste,4,160.92
46,2024-12-10,Notebook,Norte,1,3431.83
47,2024-02-25,Teclado,Nordeste,2,140.71
48,2024-03-12,Monitor,Sudeste,2,860.14
49,2024-02-08,Mouse,Sudeste,5,73.57
50,2024-10-03,Webcam,Norte,1,195.35
51,2024-03-26,Mouse,Sudeste,4,79.7
52,2024-01-31,Monitor,Nordeste,4,810.39
53,2024-05-15,Monitor,Sudeste,3,886.14
54,2024-10-11,Webcam,Sudeste,2,168.84
55,2024-01-30,Mouse,Sul,5,72.98
56,2024-01-30,Teclado,Norte,5,149.3
57,2024-03-21,Headset,Norte,5,201.52
58,2024-02-05,Mouse,Sul,1,82.8
59,2024-07-25,Mouse,Norte,5,75.94
60,2024-01-21,Headset,Sul,1,216.45
61,2024-10-16,Headset,Sul,3,239.13
62,2024-12-08,Mouse,Centro-Oeste,2,76.25
63,2024-12-09,Mouse,Centro-Oeste,4,77.06
64,2024-01-05,Notebook,Sudeste,5,3848.92
65,2024-02-07,Notebook,Sul,2,3504.12
66,2024-06-27,Mouse,Norte,2,77.91
67,2024-08-12,Mouse,Sul,3,81.79
68,2024-09-27,Webcam,Norte,5,172.78
69,2024-02-23,Webcam,Nordeste,3,166.16
70,2024-10-10,Notebook,Nordeste,3,3347.23
71,2024-06-24,Mouse,Nordeste,3,80.09
72,2024-01-27,Teclado,Norte,4,159.88
73,2024-01-02,Notebook,Centro-Oeste,2,3595.98
74,2024-03-23,Teclado,Sudeste,5,156.17
75,2024-01-05,Headset,Norte,1,239.58
76,2024-03-17,Webcam,Sul,1,192.05
77,2024-10-09,Headset,Nordeste,4,203.61
78,2024-07-05,Teclado,Norte,3,141.3
79,2024-12-07,Mouse,Norte,3,84.48
80,2024-11-13,Monitor,Nordeste,2,965.63
81,2024-07-30,Mouse,Norte,2,83.79
82,2024-07-29,Teclado,Nordeste,3,139.78
83,2024-02-25,Webcam,Sudeste,1,192.91
84,2024-04-12,Mouse,Sudeste,3,76.88
85,2024-04-24,Mouse,Norte,2,78.38
86,2024-02-05,Teclado,Centro-Oeste,3,154.24
87,2024-12-13,Monitor,Sul,3,979.06
88,2024-05-13,Notebook,Nordeste,5,3823.77
89,2024-01-20,Teclado,Norte,5,148.04
90,2024-06-09,Webcam,Sudeste,5,197.43
91,2024-07-16,Notebook,Sul,2,3328.31
92,2024-08-11,Webcam,Norte,5,195.32
93,2024-12-17,Headset,Nordeste,3,216.98
94,2024-06-18,Webcam,Sul,3,185.88
95,2024-06-02,Notebook,Sul,3,3616.83
96,2024-07-25,Teclado,Centro-Oeste,5,138.82
97,2024-12-06,Monitor,Sudeste,2,920.79
98,2024-07-26,Teclado,Sul,1,144.12
99,2024-08-08,Mouse,Sul,5,82.48
100,2024-08-14,Monitor,Sudeste,2,902.01
101,2024-03-27,Webcam,Norte,3,180.56
102,2024-11-13,Webcam,Centro-Oeste,1,191.46
103,2024-12-10,Mouse,Centro-Oeste,2,84.91
104,2024-01-13,Mouse,Norte,2,87.74
105,2024-02-07,Headset,Sudeste,4,236.99
106,2024-04-09,Headset,Sudeste,4,215.58
107,2024-12-01,Mouse,Norte,1,84.45
108,2024-03-31,Mouse,Sul,4,72.8
109,2024-03-03,Mouse,Sudeste,2,84.82
110,2024-09-28,Webcam,Sul,5,173.42
111,2024-11-09,Monitor,Sul,4,959.5
112,2024-08-16,Headset,Nordeste,4,217.8
113,2024-11-22,Mouse,Centro-Oeste,5,79.75
114,2024-05-20,Mouse,Sudeste,1,83.42
115,2024-05-19,Mouse,Centro-Oeste,3,86.29
116,2024-03-11,Notebook,Nordeste,2,3418.12
117,2024-12-27,Mouse,Nordeste,1,78.64
118,2024-10-04,Teclado,Sudeste,4,136.87
119,2024-07-18,Monitor,Sul,1,964.21
120,2024-07-13,Headset,Sudeste,1,239.48
121,2024-07-18,Teclado,Sudeste,5,157.43
122,2024-11-04,Headset,Nordeste,4,207.65
123,2024-09-05,Monitor,Norte,4,870.5
124,2024-07-26,Webcam,Nordeste,4,195.1
125,2024-09-30,Headset,Norte,4,224.04
126,2024-01-14,Webcam,Norte,4,166.89
127,2024-04-03,Monitor,Norte,3,878.24
128,2024-08-20,Mouse,Centro-Oeste,3,84.18
129,2024-05-22,Monitor,Sudeste,3,960.28
130,2024-01-10,Monitor,Sul,1,989.98
131,2024-04-24,Teclado,Norte,1,157.63
132,2024-04-12,Mouse,Norte,5,74.44
133,2024-08-30,Mouse,Norte,5,87.16
134,2024-12-24,Monitor,Centro-Oeste,3,840.2
135,2024-02-28,Headset,Nordeste,3,202.76
136,2024-06-08,Notebook,Sul,4,3427.66
137,2024-04-11,Webcam,Norte,5,186.86
138,2024-05-04,Webcam,Norte,3,192.61
139,2024-03-02,Headset,Sul,1,213.28
140,2024-12-04,Monitor,Centro-Oeste,1,901.07
141,2024-01-07,Teclado,Sudeste,4,138.17
142,2024-11-21,Teclado,Sudeste,2,148.06
143,2024-09-24,Webcam,Centro-Oeste,5,191.1
144,2024-09-04,Headset,Sudeste,4,234.33
145,2024-05-17,Headset,Centro-Oeste,2,234.55
146,2024-05-22,Notebook,Sudeste,2,3675.33
147,2024-11-08,Headset,Sudeste,3,199.26
148,2024-04-03,Teclado,Sudeste,2,145.64
149,2024-06-23,Teclado,Centro-Oeste,5,156.04
150,2024-10-11,Teclado,Norte,5,163.44
151,2024-05-03,Notebook,Sudeste,4,3538.62
152,2024-12-19,Mouse,Sudeste,4,79.17
153,2024-02-17,Notebook,Centro-Oeste,2,3433.08
154,2024-06-05,Mouse,Sul,3,79.57
155,2024-06-25,Headset,Sudeste,5,212.55
156,2024-08-20,Webcam,Centro-Oeste,3,171.05
157,2024-04-08,Notebook,Centro-Oeste,1,3670.02
158,2024-04-04,Webcam,Nordeste,2,188.59
159,2024-10-28,Teclado,Sul,5,143.49
160,2024-04-09,Notebook,Centro-Oeste,2,3402.62
161,2024-01-08,Teclado,Sul,2,143.23
162,2024-10-10,Notebook,Centro-Oeste,2,3596.51
163,2024-02-22,Monitor,Norte,5,861.18
164,2024-08-13,Monitor,Centro-Oeste,2,983.79
165,2024-09-01,Teclado,Norte,1,147.02
166,2024-10-22,Notebook,Norte,2,3254.44
167,2024-06-04,Headset,Norte,2,203.21
168,2024-11-06,Monitor,Sul,5,850.62
169,2024-07-13,Headset,Sudeste,4,211.08
170,2024-08-07,Headset,Centro-Oeste,5,225.33
171,2024-02-20,Headset,Nordeste,2,209.64
172,2024-03-21,Notebook,Nordeste,2,3536.39
173,2024-01-02,Mouse,Sudeste,4,83.03
174,2024-05-29,Monitor,Norte,2,861.86
175,2024-12-25,Teclado,Sudeste,1,155.62
176,2024-11-16,Teclado,Sul,2,147.75
177,2024-04-25,Headset,Nordeste,3,234.37
178,2024-01-31,Notebook,Nordeste,3,3566.53
179,2024-05-27,Headset,Sudeste,1,218.62
180,2024-12-24,Teclado,Sudeste,3,150.01
181,2024-08-12,Monitor,Norte,5,817.17
182,2024-06-14,Monitor,Sul,3,814.66
183,2024-12-11,Mouse,Sul,5,87.21
184,2024-05-17,Webcam,Sul,1,189.47
185,2024-08-28,Mouse,Sul,4,86.66
186,2024-10-26,Mouse,Sudeste,4,87.5
187,2024-06-27,Monitor,Sudeste,3,867.79
188,2024-03-23,Notebook,Centro-Oeste,4,3635.57
189,2024-12-05,Teclado,Sudeste,5,136.1
190,2024-06-10,Notebook,Centro-Oeste,3,3231.15
191,2024-09-20,Monitor,Norte,5,893.16
192,2024-04-06,Notebook,Sul,3,3585.84
193,2024-11-16,Monitor,Sudeste,1,846.64
194,2024-03-08,Headset,Centro-Oeste,4,236.76
195,2024-03-03,Monitor,Norte,5,953.88
196,2024-03-22,Webcam,Centro-Oeste,5,162.49
197,2024-02-17,Monitor,Nordeste,1,893.06
198,2024-11-27,Notebook,Nordeste,4,3802.86
199,2024-09-17,Teclado,Centro-Oeste,4,160.04
200,2024-05-04,Monitor,Sudeste,5,836.04
201,2024-11-02,Mouse,Sul,2,85.82
202,2024-07-31,Teclado,Centro-Oeste,5,143.02
203,2024-05-24,Notebook,Centro-Oeste,5,3555.95
204,2024-09-07,Webcam,Nordeste,4,181.39
205,2024-06-19,Teclado,Sul,5,146.32
206,2024-04-06,Teclado,Nordeste,5,146.49
207,2024-01-23,Monitor,Centro-Oeste,4,936.94
208,2024-07-16,Monitor,Nordeste,4,983.67
209,2024-09-14,Mouse,Sul,3,85.92
210,2024-02-21,Monitor,Sul,4,812.76
211,2024-07-28,Mouse,Nordeste,1,79.51
212,2024-06-22,Teclado,Sul,4,154.5
213,2024-12-11,Teclado,Sul,4,163.62
214,2024-09-06,Webcam,Sul,1,184.23
215,2024-11-19,Mouse,Centro-Oeste,2,83.95
216,2024-02-20,Monitor,Norte,4,839.95
217,2024-01-15,Teclado,Norte,3,158.88
218,2024-07-02,Teclado,Centro-Oeste,4,139.37
219,2024-07-29,Headset,Sul,2,205.48
220,2024-11-08,Notebook,Sudeste,5,3628.19
221,2024-10-25,Monitor,Nordeste,2,893.01
222,2024-08-23,Teclado,Centro-Oeste,1,161.97
223,2024-05-27,Monitor,Sul,2,823.3
224,2024-10-27,Teclado,Centro-Oeste,4,155.71
225,2024-06-03,Monitor,Nordeste,4,963.6
226,2024-05-01,Notebook,Sudeste,5,3401.27
227,2024-12-24,Teclado,Centro-Oeste,1,164.34
228,2024-07-21,Webcam,Centro-Oeste,1,182.37
229,2024-01-26,Webcam,Sul,4,191.98
230,2024-04-27,Teclado,Sul,3,141.57
231,2024-11-13,Mouse,Centro-Oeste,2,82.05
232,2024-11-26,Webcam,Norte,3,190.39
233,2024-10-23,Notebook,Centro-Oeste,2,3213.09
234,2024-06-16,Teclado,Sudeste,2,141.02
235,2024-07-06,Headset,Sul,5,238.19
236,2024-05-11,Mouse,Sudeste,3,83.94
237,2024-02-28,Teclado,Sudeste,1,139.22
238,2024-12-12,Mouse,Sudeste,5,77.85
239,2024-01-08,Monitor,Centro-Oeste,5,832.25
240,2024-12-10,Teclado,Centro-Oeste,5,146.43
241,2024-07-09,Webcam,Norte,2,178.97
242,2024-10-14,Headset,Centro-Oeste,5,207.74
243,2024-11-21,Notebook,Sudeste,3,3604.47
244,2024-03-12,Notebook,Norte,1,3363.06
245,2024-02-29,Monitor,Norte,2,969.71
246,2024-07-17,Mouse,Sudeste,3,82.73
247,2024-12-22,Webcam,Sul,4,183.14
248,2024-03-20,Webcam,Sudeste,1,192.01
249,2024-07-27,Headset,Centro-Oeste,1,228.37
250,2024-08-15,Mouse,Sudeste,2,85.69
251,2024-12-17,Notebook,Centro-Oeste,5,3781.19
252,2024-07-02,Webcam,Norte,4,171.93
253,2024-08-20,Notebook,Norte,2,3599.19
254,2024-01-11,Headset,Norte,3,208.72
255,2024-10-16,Mouse,Nordeste,1,85.28
256,2024-04-16,Headset,Sul,2,233.77
257,2024-06-17,Mouse,Nordeste,5,72.05
258,2024-03-07,Mouse,Sul,3,84.78
259,2024-12-04,Notebook,Norte,2,3160.4
260,2024-10-28,Mouse,Centro-Oeste,1,74.79
261,2024-03-05,Notebook,Sudeste,5,3229.55
262,2024-08-31,Notebook,Sudeste,3,3509.27
263,2024-08-19,Notebook,Sul,2,3811.79
264,2024-12-03,Notebook,Sul,3,3470.63
265,2024-02-01,Notebook,Sudeste,4,3448.39
266,2024-09-08,Notebook,Sudeste,1,3779.49
267,2024-11-07,Teclado,Nordeste,1,138.79
268,2024-11-20,Headset,Sul,5,229.33
269,2024-11-01,Monitor,Sul,3,891.67
270,2024-08-08,Headset,Norte,1,235.52
271,2024-10-09,Webcam,Nordeste,4,178.26
272,2024-07-30,Mouse,Centro-Oeste,4,78.38
273,2024-02-18,Webcam,Centro-Oeste,4,173.25
274,2024-07-10,Teclado,Nordeste,4,137.01
275,2024-02-17,Notebook,Sudeste,1,3671.21
276,2024-03-07,Teclado,Sul,1,152.59
277,2024-10-14,Headset,Centro-Oeste,1,216.08
278,2024-08-04,Webcam,Norte,3,183.61
279,2024-02-23,Teclado,Sul,5,141.38
280,2024-09-03,Webcam,Nordeste,1,174.6
281,2024-07-07,Headset,Norte,3,223.26
282,2024-10-14,Monitor,Sul,5,931.5
283,2024-01-14,Headset,Sul,3,199.27
284,2024-12-25,Teclado,Centro-Oeste,3,145.53
285,2024-03-14,Mouse,Sul,4,73.11
286,2024-11-20,Webcam,Norte,1,188.86
287,2024-07-11,Mouse,Sudeste,4,77.45
288,2024-06-08,Teclado,Centro-Oeste,5,152.89
289,2024-03-20,Notebook,Nordeste,5,3184.83
290,2024-05-19,Notebook,Sudeste,4,3489.96
291,2024-07-31,Monitor,Centro-Oeste,2,945.89
292,2024-06-25,Notebook,Sudeste,1,3348.27
293,2024-10-30,Webcam,Sudeste,5,186.02
294,2024-04-22,Notebook,Sudeste,5,3188.35
295,2024-06-03,Mouse,Nordeste,2,84.23
296,2024-06-16,Teclado,Norte,1,149.92
297,2024-03-30,Monitor,Nordeste,4,905.86
298,2024-09-13,Mouse,Sul,3,73.15
299,2024-01-22,Webcam,Sudeste,1,178.55
300,2024-06-09,Notebook,Sul,4,3551.38
301,2024-11-23,Webcam,Sudeste,3,166.15
302,2024-06-15,Notebook,Nordeste,5,3472.07
303,2024-07-04,Webcam,Norte,4,192.4
304,2024-08-11,Mouse,Sul,4,80.38
305,2024-06-07,Monitor,Centro-Oeste,2,869.95
306,2024-02-09,Mouse,Sul,1,80.49
307,2024-06-27,Mouse,Centro-Oeste,2,75.78
308,2024-05-11,Mouse,Nordeste,2,81.64
309,2024-02-08,Webcam,Nordeste,4,178.7
310,2024-10-23,Headset,Sudeste,5,226.29
311,2024-06-14,Headset,Centro-Oeste,2,217.35
312,2024-08-14,Monitor,Centro-Oeste,3,916.46
313,2024-09-16,Teclado,Norte,3,148.85
314,2024-01-30,Notebook,Centro-Oeste,3,3203.71
315,2024-11-10,Notebook,Sul,5,3419.14
316,2024-10-10,Headset,Norte,4,238.0
317,2024-11-29,Headset,Nordeste,3,224.62
318,2024-03-18,Headset,Norte,4,202.55
319,2024-02-13,Teclado,Sul,2,136.17
320,2024-08-12,Webcam,Sudeste,5,180.82
321,2024-07-05,Mouse,Centro-Oeste,3,78.2
322,2024-12-13,Teclado,Sul,1,158.68
323,2024-06-20,Webcam,Norte,3,165.4
324,2024-07-16,Webcam,Centro-Oeste,3,188.05
325,2024-11-04,Webcam,Nordeste,3,164.93
326,2024-03-13,Webcam,Centro-Oeste,3,196.84
327,2024-12-05,Webcam,Sudeste,2,183.42
328,2024-06-07,Notebook,Sul,4,3600.45
329,2024-03-06,Teclado,Sul,1,154.38
330,2024-09-17,Monitor,Centro-Oeste,1,875.27
331,2024-04-19,Mouse,Centro-Oeste,4,75.07
332,2024-03-20,Mouse,Norte,3,85.51
333,2024-09-16,Notebook,Sul,5,3176.42
334,2024-11-12,Teclado,Nordeste,5,146.3
335,2024-04-02,Mouse,Sul,2,83.54
336,2024-07-29,Notebook,Centro-Oeste,2,3828.71
337,2024-05-25,Headset,Sudeste,2,221.5
338,2024-08-28,Teclado,Nordeste,3,155.35
339,2024-08-13,Headset,Sudeste,3,232.24
340,2024-09-27,Headset,Sudeste,2,233.94
341,2024-03-11,Headset,Centro-Oeste,1,226.21
342,2024-10-10,Teclado,Norte,5,160.53
343,2024-02-12,Teclado,Nordeste,3,148.48
344,2024-03-16,Headset,Sudeste,1,239.64
345,2024-08-18,Mouse,Centro-Oeste,1,78.64
346,2024-09-14,Monitor,Centro-Oeste,2,879.51
347,2024-07-10,Notebook,Nordeste,1,3373.08
348,2024-11-28,Notebook,Centro-Oeste,2,3246.32
349,2024-08-29,Teclado,Nordeste,4,148.46
350,2024-02-10,Notebook,Norte,3,3300.96
351,2024-10-07,Mouse,Sul,5,78.77
352,2024-05-01,Teclado,Centro-Oeste,1,136.43
353,2024-11-23,Monitor,Sul,4,821.31
354,2024-11-01,Monitor,Sul,1,923.75
355,2024-05-03,Headset,Nordeste,3,216.89
356,2024-06-29,Headset,Nordeste,5,216.33
357,2024-12-08,Webcam,Norte,5,197.09
358,2024-09-26,Notebook,Sul,5,3700.49
359,2024-10-10,Headset,Norte,4,236.43
360,2024-11-21,Notebook,Sudeste,3,3327.56
361,2024-07-01,Notebook,Norte,3,3318.79
362,2024-11-17,Webcam,Norte,5,188.47
363,2024-03-09,Teclado,Norte,3,151.38
364,2024-03-30,Webcam,Sudeste,4,184.74
365,2024-02-02,Mouse,Sudeste,1,76.7
366,2024-04-12,Notebook,Norte,3,3803.36
367,2024-07-22,Headset,Sul,4,209.15
368,2024-04-07,Webcam,Centro-Oeste,3,193.04
369,2024-12-01,Notebook,Centro-Oeste,3,3237.13
370,2024-08-11,Teclado,Sudeste,4,161.84
371,2024-06-22,Monitor,Nordeste,4,934.57
372,2024-09-22,Teclado,Centro-Oeste,1,156.81
373,2024-08-08,Notebook,Sul,2,3531.83
374,2024-02-22,Teclado,Norte,3,154.83
375,2024-08-16,Teclado,Sul,4,140.0
376,2024-06-28,Monitor,Sudeste,1,940.83
377,2024-11-10,Teclado,Sudeste,3,154.18
378,2024-02-08,Notebook,Sudeste,3,3509.16
379,2024-12-13,Webcam,Nordeste,1,167.14
380,2024-12-13,Headset,Sudeste,1,203.55
381,2024-11-26,Mouse,Centro-Oeste,3,78.13
382,2024-01-17,Headset,Sul,2,227.88
383,2024-07-09,Teclado,Sudeste,1,152.22
384,2024-07-06,Headset,Sudeste,3,226.58
385,2024-02-28,Mouse,Norte,2,79.98
386,2024-10-14,Monitor,Norte,3,949.49
387,2024-08-16,Webcam,Nordeste,5,172.28
388,2024-04-12,Monitor,Norte,2,963.51
389,2024-03-29,Monitor,Sudeste,1,955.89
390,2024-12-07,Teclado,Centro-Oeste,1,151.5
391,2024-06-02,Teclado,Nordeste,2,158.81
392,2024-04-24,Headset,Norte,2,232.85
393,2024-09-09,Mouse,Norte,3,80.86
394,2024-08-27,Teclado,Sul,2,153.36
395,2024-02-03,Notebook,Centro-Oeste,4,3849.72
396,2024-09-02,Webcam,Sul,4,189.69
397,2024-02-07,Headset,Nordeste,3,226.26
398,2024-08-26,Monitor,Sul,3,833.1
399,2024-11-23,Headset,Sul,2,231.78
400,2024-08-09,Mouse,Sul,1,85.3
401,2024-03-19,Headset,Centro-Oeste,2,205.13
402,2024-04-25,Webcam,Centro-Oeste,5,194.22
403,2024-05-08,Notebook,Nordeste,5,3342.12
404,2024-06-04,Webcam,Sul,5,165.36
405,2024-03-27,Webcam,Sul,5,167.55
406,2024-11-15,Webcam,Sul,3,192.33
407,2024-01-22,Headset,Norte,1,200.0
408,2024-10-22,Webcam,Centro-Oeste,2,189.61
409,2024-11-12,Monitor,Norte,4,970.02
410,2024-05-28,Headset,Centro-Oeste,4,208.77
411,2024-07-26,Webcam,Centro-Oeste,4,164.63
412,2024-03-21,Notebook,Sudeste,4,3488.98
413,2024-06-23,Mouse,Sul,2,77.0
414,2024-06-12,Webcam,Centro-Oeste,4,166.71
415,2024-09-20,Teclado,Sul,1,144.57
416,2024-03-03,Monitor,Centro-Oeste,4,854.63
417,2024-01-26,Notebook,Centro-Oeste,4,3754.91
418,2024-05-07,Monitor,Nordeste,3,978.08
419,2024-06-09,Webcam,Nordeste,2,179.94
420,2024-08-27,Headset,Sudeste,3,219.88
421,2024-07-20,Notebook,Sul,4,3826.68
422,2024-10-25,Mouse,Centro-Oeste,1,72.81
423,2024-11-01,Monitor,Sudeste,3,906.6
424,2024-08-08,Notebook,Nordeste,3,3659.26
425,2024-07-06,Monitor,Norte,4,819.21
426,2024-04-09,Headset,Centro-Oeste,5,210.7
427,2024-09-15,Monitor,Sudeste,5,860.35
428,2024-12-14,Headset,Sul,1,203.66
429,2024-07-20,Notebook,Centro-Oeste,3,3540.48
430,2024-03-14,Teclado,Nordeste,5,150.27
431,2024-01-21,Headset,Norte,1,204.03
432,2024-08-30,Teclado,Sul,4,139.47
433,2024-03-12,Headset,Centro-Oeste,5,212.02
434,2024-11-11,Monitor,Centro-Oeste,5,870.55
435,2024-09-29,Headset,Sudeste,5,211.19
436,2024-07-07,Notebook,Centro-Oeste,1,3835.93
437,2024-06-06,Headset,Norte,5,218.88
438,2024-10-23,Webcam,Sul,2,187.97
439,2024-09-02,Headset,Nordeste,5,225.68
440,2024-07-13,Headset,Nordeste,2,199.39
441,2024-02-26,Webcam,Nordeste,1,177.88
442,2024-03-18,Monitor,Sudeste,2,883.87
443,2024-08-29,Headset,Norte,2,220.82
444,2024-06-15,Headset,Sudeste,5,214.58
445,2024-08-23,Mouse,Sul,3,80.74
446,2024-12-14,Webcam,Centro-Oeste,5,179.43
447,2024-05-22,Mouse,Sul,3,75.6
448,2024-05-27,Teclado,Nordeste,4,144.51
449,2024-10-13,Teclado,Centro-Oeste,3,138.66
450,2024-10-05,Webcam,Sudeste,4,191.46
451,2024-05-28,Mouse,Norte,3,87.29
452,2024-06-26,Notebook,Sudeste,3,3673.14
453,2024-04-13,Mouse,Sul,3,86.93
454,2024-05-19,Webcam,Nordeste,1,184.16
455,2024-05-02,Headset,Nordeste,1,227.47
456,2024-04-25,Headset,Nordeste,1,202.41
457,2024-08-29,Teclado,Norte,2,135.16
458,2024-03-21,Headset,Sudeste,4,219.01
459,2024-05-27,Mouse,Centro-Oeste,3,82.33
460,2024-11-29,Notebook,Sul,2,3524.61
461,2024-01-20,Webcam,Nordeste,4,193.76
462,2024-01-19,Mouse,Sudeste,4,74.98
463,2024-05-28,Webcam,Norte,1,172.74
464,2024-02-24,Headset,Centro-Oeste,3,217.99
465,2024-10-05,Webcam,Sul,4,194.01
466,2024-09-15,Mouse,Sudeste,3,75.08
467,2024-06-18,Notebook,Nordeste,4,3603.8
468,2024-04-05,Webcam,Norte,3,190.47
469,2024-12-11,Headset,Nordeste,2,224.88
470,2024-07-26,Webcam,Sudeste,5,173.81
471,2024-12-08,Monitor,Norte,2,986.7
472,2024-06-14,Monitor,Nordeste,1,856.94
473,2024-08-16,Mouse,Centro-Oeste,3,76.83
474,2024-10-20,Webcam,Norte,3,185.53
475,2024-04-30,Webcam,Norte,1,178.75
476,2024-07-26,Mouse,Sul,3,83.04
477,2024-05-31,Webcam,Centro-Oeste,5,169.95
478,2024-09-01,Mouse,Nordeste,4,83.96
479,2024-07-10,Headset,Sudeste,5,238.16
480,2024-12-06,Headset,Nordeste,2,227.94
481,2024-02-11,Headset,Sul,4,221.24
482,2024-02-09,Teclado,Sul,1,136.85
483,2024-09-15,Headset,Nordeste,5,221.61
484,2024-06-16,Mouse,Sul,4,73.86
485,2024-10-25,Mouse,Sudeste,1,86.38
486,2024-01-29,Monitor,Sudeste,2,902.38
487,2024-10-15,Monitor,Norte,5,893.23
488,2024-01-12,Teclado,Sudeste,3,159.49
489,2024-04-21,Webcam,Sul,1,163.63
490,2024-12-24,Teclado,Norte,5,164.82
491,2024-08-29,Notebook,Norte,3,3436.21
492,2024-11-24,Mouse,Sudeste,3,87.89
493,2024-08-17,Monitor,Sudeste,4,824.44
494,2024-10-03,Webcam,Nordeste,3,166.27
495,2024-07-20,Headset,Sul,2,230.03
496,2024-01-02,Mouse,Norte,3,79.41
497,2024-10-05,Webcam,Sudeste,5,175.65
498,2024-05-06,Mouse,Sudeste,3,74.48
499,2024-02-27,Mouse,Norte,4,81.84
500,2024-05-03,Notebook,Nordeste,1,3220.63
501,2024-08-16,Notebook,Sul,1,3321.31
502,2024-07-24,Notebook,Sudeste,2,3527.83
503,2024-03-12,Notebook,Sul,3,3313.91
504,2024-10-21,Webcam,Centro-Oeste,5,183.53
505,2024-06-13,Webcam,Nordeste,3,193.55
506,2024-09-23,Webcam,Nordeste,4,172.82
507,2024-10-12,Notebook,Sul,2,3588.2
508,2024-10-11,Monitor,Sudeste,1,985.01
509,2024-12-09,Webcam,Sudeste,5,173.47
510,2024-07-28,Monitor,Nordeste,3,877.76
511,2024-08-30,Headset,Nordeste,2,211.23
512,2024-03-14,Webcam,Sudeste,1,182.25
513,2024-10-12,Monitor,Sul,2,879.92
514,2024-04-14,Teclado,Centro-Oeste,1,162.67
515,2024-02-17,Teclado,Sul,2,136.55
516,2024-12-10,Monitor,Sul,5,817.12
517,2024-04-06,Notebook,Sul,5,3301.91
518,2024-06-19,Mouse,Centro-Oeste,1,75.39
519,2024-03-01,Mouse,Sudeste,2,83.13
520,2024-04-14,Webcam,Sudeste,2,181.87
521,2024-07-13,Teclado,Sudeste,5,154.46
522,2024-05-13,Teclado,Centro-Oeste,5,161.48
523,2024-02-20,Monitor,Sudeste,3,974.58
524,2024-06-09,Teclado,Sudeste,1,151.88
525,2024-03-15,Mouse,Norte,3,80.85
526,2024-10-23,Headset,Sudeste,3,204.71
527,2024-04-27,Teclado,Sudeste,5,160.0
528,2024-10-08,Monitor,Centro-Oeste,3,947.4
529,2024-11-24,Monitor,Sudeste,4,840.28
530,2024-03-27,Teclado,Nordeste,5,149.65
531,2024-11-24,Headset,Norte,5,199.49
532,2024-12-08,Notebook,Norte,1,3438.67
533,2024-04-28,Webcam,Norte,2,162.33
534,2024-08-21,Headset,Centro-Oeste,1,225.18
535,2024-11-11,Webcam,Sudeste,4,162.57
536,2024-10-09,Headset,Sudeste,1,198.74
537,2024-05-20,Webcam,Sul,3,162.62
538,2024-12-11,Webcam,Sudeste,2,165.85
539,2024-09-25,Notebook,Nordeste,2,3284.35
540,2024-05-09,Headset,Centro-Oeste,3,232.98
541,2024-07-10,Notebook,Sudeste,4,3545.5
542,2024-04-25,Webcam,Centro-Oeste,1,185.53
543,2024-01-17,Webcam,Norte,4,175.65
544,2024-08-31,Headset,Norte,1,228.93
545,2024-09-12,Notebook,Sudeste,3,3546.1
546,2024-09-27,Notebook,Norte,2,3297.99
547,2024-10-17,Webcam,Sudeste,3,163.68
548,2024-12-16,Notebook,Centro-Oeste,5,3544.46
549,2024-04-01,Notebook,Centro-Oeste,1,3823.03
550,2024-03-14,Headset,Sudeste,1,211.17
551,2024-05-03,Headset,Sul,4,227.79
552,2024-06-18,Headset,Sudeste,2,232.78
553,2024-02-10,Webcam,Sul,3,163.93
554,2024-04-28,Monitor,Norte,3,918.93
555,2024-10-31,Headset,Sudeste,3,199.3
556,2024-08-18,Teclado,Sudeste,2,145.67
557,2024-08-09,Monitor,Nordeste,5,928.92
558,2024-11-12,Notebook,Centro-Oeste,2,3649.18
559,2024-05-17,Notebook,Nordeste,4,3648.17
560,2024-03-19,Webcam,Sudeste,3,174.99
561,2024-01-03,Notebook,Centro-Oeste,4,3401.94
562,2024-02-22,Teclado,Nordeste,1,140.62
563,2024-10-12,Monitor,Sul,5,883.45
564,2024-02-15,Notebook,Centro-Oeste,5,3215.14
565,2024-06-15,Headset,Sudeste,1,210.84
566,2024-02-13,Monitor,Sul,2,912.95
567,2024-12-16,Mouse,Sudeste,2,74.22
568,2024-05-17,Teclado,Sudeste,2,136.9
569,2024-05-21,Monitor,Sudeste,3,897.16
570,2024-07-03,Notebook,Centro-Oeste,2,3654.63
571,2024-10-31,Monitor,Sul,2,892.42
572,2024-06-04,Mouse,Norte,4,77.32
573,2024-07-13,Headset,Centro-Oeste,4,212.73
574,2024-10-31,Webcam,Nordeste,3,173.54
575,2024-04-12,Webcam,Sudeste,3,168.39
576,2024-06-12,Monitor,Centro-Oeste,4,984.2
577,2024-06-15,Mouse,Sudeste,3,85.06
578,2024-07-05,Monitor,Norte,5,845.96
579,2024-04-02,Headset,Sul,1,239.93
580,2024-12-28,Monitor,Nordeste,4,953.58
581,2024-02-05,Webcam,Sudeste,4,167.01
582,2024-05-03,Teclado,Centro-Oeste,2,156.46
583,2024-02-07,Monitor,Sudeste,5,896.26
584,2024-09-30,Monitor,Sul,4,907.86
585,2024-12-25,Teclado,Sul,5,154.15
586,2024-02-25,Notebook,Nordeste,3,3266.44
587,2024-01-23,Headset,Sul,4,240.54
588,2024-08-08,Teclado,Norte,1,137.96
589,2024-09-18,Mouse,Sul,5,81.29
590,2024-04-23,Headset,Sudeste,3,215.21
591,2024-10-28,Webcam,Sul,2,174.42
592,2024-09-04,Notebook,Norte,3,3441.18
593,2024-02-29,Notebook,Nordeste,3,3368.32
594,2024-04-15,Monitor,Sul,4,872.69
595,2024-08-12,Notebook,Sudeste,3,3197.02
596,2024-12-29,Notebook,Norte,1,3744.43
597,2024-02-25,Webcam,Nordeste,2,180.58
598,2024-03-22,Headset,Centro-Oeste,5,216.76
599,2024-04-28,Monitor,Sudeste,2,843.55
600,2024-08-09,Webcam,Sudeste,1,188.55
601,2024-08-18,Mouse,Sul,4,78.22
602,2024-04-19,Webcam,Nordeste,3,189.08
603,2024-10-22,Notebook,Norte,5,3280.87
604,2024-04-10,Teclado,Sudeste,1,142.87
605,2024-09-27,Monitor,Centro-Oeste,5,879.96
606,2024-10-27,Monitor,Norte,3,873.36
607,2024-11-12,Monitor,Nordeste,3,975.36
608,2024-02-13,Headset,Nordeste,3,203.19
609,2024-02-29,Teclado,Nordeste,3,155.8
610,2024-07-17,Headset,Sudeste,5,204.07
611,2024-08-04,Monitor,Nordeste,4,924.39
612,2024-11-26,Webcam,Nordeste,5,168.01
613,2024-03-12,Teclado,Nordeste,3,160.26
614,2024-01-28,Headset,Centro-Oeste,1,219.32
615,2024-07-15,Mouse,Sul,5,82.45
616,2024-12-16,Monitor,Sudeste,4,937.83
617,2024-09-07,Monitor,Nordeste,1,911.77
618,2024-05-29,Mouse,Norte,3,75.6
619,2024-03-27,Teclado,Sudeste,5,157.28
620,2024-10-08,Monitor,Sul,1,913.09
621,2024-10-05,Teclado,Centro-Oeste,5,159.68
622,2024-08-13,Notebook,Sul,2,3842.84
623,2024-11-30,Notebook,Nordeste,3,3762.37
624,2024-08-18,Notebook,Centro-Oeste,3,3753.54
625,2024-08-12,Notebook,Norte,2,3296.91
626,2024-10-28,Webcam,Centro-Oeste,5,184.78
627,2024-11-11,Mouse,Nordeste,2,85.02
628,2024-10-18,Notebook,Centro-Oeste,5,3346.76
629,2024-03-27,Headset,Centro-Oeste,3,210.73
630,2024-09-20,Teclado,Norte,2,163.88
631,2024-01-31,Monitor,Centro-Oeste,2,936.26
632,2024-05-07,Mouse,Nordeste,3,85.26
633,2024-07-20,Webcam,Sudeste,2,182.79
634,2024-11-17,Teclado,Sudeste,4,148.56
635,2024-02-17,Webcam,Sudeste,5,188.99
636,2024-07-07,Webcam,Sudeste,4,173.78
637,2024-02-17,Notebook,Sudeste,3,3745.07
638,2024-07-22,Headset,Nordeste,4,234.29
639,2024-05-17,Monitor,Centro-Oeste,3,870.8
640,2024-03-07,Headset,Sul,4,232.69
641,2024-01-25,Webcam,Norte,1,184.54
642,2024-01-09,Monitor,Norte,2,889.43
643,2024-08-07,Notebook,Nordeste,2,3767.5
644,2024-03-22,Teclado,Centro-Oeste,1,154.64
645,2024-02-12,Teclado,Centro-Oeste,2,136.55
646,2024-06-05,Webcam,Nordeste,4,185.6
647,2024-02-18,Webcam,Norte,2,179.17
648,2024-10-30,Mouse,Nordeste,5,82.88
649,2024-01-05,Notebook,Centro-Oeste,1,3841.71
650,2024-12-21,Monitor,Nordeste,4,822.75
651,2024-02-15,Monitor,Norte,1,866.4
652,2024-03-11,Teclado,Sudeste,2,154.25
653,2024-03-14,Webcam,Norte,5,182.28
654,2024-11-28,Headset,Nordeste,4,213.45
655,2024-11-17,Mouse,Nordeste,4,81.86
656,2024-04-21,Monitor,Norte,1,835.2
657,2024-10-28,Notebook,Sudeste,3,3824.27
658,2024-03-12,Teclado,Nordeste,3,154.34
659,2024-10-10,Mouse,Sul,5,83.54
660,2024-12-19,Teclado,Norte,3,141.16
661,2024-09-17,Headset,Nordeste,4,211.0
662,2024-05-02,Notebook,Sudeste,4,3228.92
663,2024-11-22,Monitor,Sul,1,905.09
664,2024-07-03,Notebook,Centro-Oeste,2,3420.79
665,2024-08-03,Headset,Centro-Oeste,5,228.05
666,2024-02-07,Monitor,Norte,5,822.16
667,2024-04-20,Teclado,Norte,1,163.46
668,2024-09-16,Monitor,Centro-Oeste,5,948.08
669,2024-12-25,Monitor,Sudeste,1,925.3
670,2024-11-11,Headset,Nordeste,3,201.68
671,2024-09-18,Notebook,Nordeste,2,3525.47
672,2024-10-27,Monitor,Norte,3,935.76
673,2024-05-02,Webcam,Norte,2,165.1
674,2024-02-29,Monitor,Sudeste,5,919.59
675,2024-12-07,Teclado,Nordeste,1,135.38
676,2024-12-25,Mouse,Norte,2,79.94
677,2024-09-24,Teclado,Sul,3,140.01
678,2024-05-17,Mouse,Norte,1,77.36
679,2024-05-19,Monitor,Sul,1,857.33
680,2024-11-17,Headset,Norte,4,218.03
681,2024-01-29,Teclado,Sudeste,5,140.01
682,2024-05-10,Mouse,Norte,5,82.79
683,2024-04-26,Notebook,Sul,1,3180.83
684,2024-05-05,Notebook,Norte,4,3404.78
685,2024-04-01,Mouse,Norte,5,84.85
686,2024-12-01,Webcam,Sudeste,2,173.58
687,2024-06-12,Monitor,Centro-Oeste,1,912.88
688,2024-09-14,Notebook,Norte,2,3306.23
689,2024-01-24,Headset,Sudeste,1,236.59
690,2024-06-08,Teclado,Centro-Oeste,1,151.59
691,2024-07-07,Notebook,Nordeste,3,3544.66
692,2024-11-14,Teclado,Nordeste,4,146.05
693,2024-04-10,Monitor,Sul,2,837.1
694,2024-01-13,Monitor,Nordeste,5,872.36
695,2024-01-05,Webcam,Centro-Oeste,1,189.32
696,2024-06-06,Monitor,Norte,2,905.37
697,2024-08-02,Mouse,Sudeste,1,87.56
698,2024-12-30,Mouse,Centro-Oeste,1,72.7
699,2024-09-23,Mouse,Sudeste,3,79.34
700,2024-02-13,Webcam,Sul,1,180.2
701,2024-07-20,Webcam,Norte,5,182.44
702,2024-12-05,Monitor,Nordeste,2,862.5
703,2024-07-20,Teclado,Centro-Oeste,3,148.58
704,2024-02-08,Mouse,Nordeste,2,84.48
705,2024-02-25,Headset,Nordeste,1,205.23
706,2024-06-09,Monitor,Sudeste,1,906.47
707,2024-08-19,Mouse,Centro-Oeste,4,76.24
708,2024-02-16,Notebook,Nordeste,3,3728.47
709,2024-11-04,Webcam,Norte,2,192.09
710,2024-03-16,Teclado,Norte,2,164.05
711,2024-09-19,Monitor,Norte,3,856.83
712,2024-01-16,Mouse,Sudeste,4,80.9
713,2024-05-07,Headset,Norte,4,202.48
714,2024-03-03,Mouse,Norte,1,85.29
715,2024-03-07,Mouse,Nordeste,4,77.96
716,2024-11-26,Webcam,Norte,5,183.1
717,2024-01-12,Notebook,Norte,2,3781.75
718,2024-03-06,Monitor,Norte,3,832.05
719,2024-01-26,Monitor,Nordeste,5,887.97
720,2024-07-21,Webcam,Sudeste,1,175.78
721,2024-03-29,Monitor,Centro-Oeste,2,973.49
722,2024-05-23,Teclado,Sudeste,2,136.04
723,2024-11-11,Headset,Nordeste,3,219.95
724,2024-09-02,Headset,Norte,1,210.31
725,2024-08-02,Mouse,Nordeste,5,75.99
726,2024-01-10,Headset,Sudeste,3,219.11
727,2024-06-25,Monitor,Sul,5,867.89
728,2024-04-02,Teclado,Norte,3,152.91
729,2024-05-23,Notebook,Norte,4,3520.6
730,2024-04-29,Headset,Nordeste,1,208.91
731,2024-05-16,Mouse,Sul,1,84.22
732,2024-10-21,Mouse,Sudeste,3,86.96
733,2024-03-31,Mouse,Nordeste,5,77.09
734,2024-12-23,Webcam,Centro-Oeste,5,163.02
735,2024-06-29,Webcam,Sul,5,167.12
736,2024-09-09,Mouse,Sul,3,74.81
737,2024-02-16,Notebook,Norte,2,3571.16
738,2024-09-26,Notebook,Sudeste,1,3382.21
739,2024-04-13,Headset,Nordeste,3,229.55
740,2024-01-31,Teclado,Norte,2,152.6
741,2024-02-26,Mouse,Sul,3,87.37
742,2024-12-26,Teclado,Sudeste,5,138.03
743,2024-06-14,Teclado,Nordeste,2,156.97
744,2024-11-23,Monitor,Sudeste,3,841.36
745,2024-12-21,Headset,Sul,3,207.82
746,2024-03-30,Headset,Sudeste,3,230.3
747,2024-03-06,Teclado,Nordeste,1,163.46
748,2024-07-19,Headset,Sul,1,206.01
749,2024-11-09,Teclado,Nordeste,5,138.12
750,2024-03-13,Monitor,Centro-Oeste,1,852.84
751,2024-03-26,Teclado,Norte,3,148.4
752,2024-04-17,Teclado,Nordeste,1,145.51
753,2024-01-01,Notebook,Norte,4,3456.75
754,2024-03-26,Monitor,Sudeste,4,968.72
755,2024-10-06,Teclado,Sudeste,1,159.86
756,2024-11-29,Headset,Nordeste,2,217.86
757,2024-05-30,Notebook,Norte,3,3332.79
758,2024-02-07,Notebook,Centro-Oeste,2,3771.55
759,2024-02-08,Mouse,Sul,1,77.41
760,2024-09-04,Headset,Norte,4,239.47
761,2024-11-06,Mouse,Sudeste,2,72.86
762,2024-04-15,Teclado,Nordeste,4,155.92
763,2024-10-03,Webcam,Centro-Oeste,3,172.71
764,2024-01-26,Notebook,Sudeste,5,3534.76
765,2024-03-19,Monitor,Norte,3,810.69
766,2024-05-30,Notebook,Sul,4,3289.77
767,2024-04-15,Notebook,Nordeste,3,3833.94
768,2024-02-29,Monitor,Centro-Oeste,4,894.77
769,2024-05-15,Webcam,Norte,5,175.95
770,2024-07-14,Teclado,Centro-Oeste,2,148.37
771,2024-08-13,Teclado,Sudeste,3,141.79
772,2024-10-15,Teclado,Norte,2,157.57
773,2024-02-19,Webcam,Norte,3,191.09
774,2024-10-28,Monitor,Nordeste,5,820.98
775,2024-09-24,Monitor,Sudeste,5,933.67
776,2024-10-20,Monitor,Nordeste,4,863.79
777,2024-01-18,Monitor,Sul,5,972.08
778,2024-12-12,Headset,Sul,2,203.29
779,2024-03-29,Monitor,Nordeste,2,955.52
780,2024-01-22,Mouse,Sudeste,1,87.81
781,2024-04-13,Monitor,Nordeste,5,856.42
782,2024-02-04,Webcam,Norte,4,182.03
783,2024-06-15,Headset,Centro-Oeste,5,218.16
784,2024-12-24,Notebook,Sul,5,3515.79
785,2024-02-27,Monitor,Sudeste,2,836.68
786,2024-10-25,Headset,Norte,1,222.76
787,2024-05-26,Notebook,Sul,3,3764.53
788,2024-07-15,Teclado,Sudeste,5,153.27
789,2024-03-29,Notebook,Centro-Oeste,4,3250.7
790,2024-12-14,Headset,Sudeste,1,215.41
791,2024-12-19,Teclado,Nordeste,1,157.37
792,2024-07-09,Teclado,Norte,3,159.52
793,2024-06-08,Teclado,Centro-Oeste,4,160.75
794,2024-02-20,Webcam,Nordeste,2,172.82
795,2024-08-14,Webcam,Centro-Oeste,3,188.24
796,2024-11-26,Headset,Norte,2,217.44
797,2024-09-05,Monitor,Sul,3,957.78
798,2024-03-22,Headset,Norte,3,229.22
799,2024-03-10,Monitor,Sul,5,815.21
800,2024-04-12,Mouse,Norte,2,72.53
801,2024-07-03,Notebook,Nordeste,3,3407.85
802,2024-09-15,Monitor,Sudeste,1,932.61
803,2024-07-09,Mouse,Sudeste,5,79.14
804,2024-10-27,Monitor,Sul,3,871.96
805,2024-12-18,Teclado,Norte,3,135.82
806,2024-03-24,Notebook,Sul,2,3749.98
807,2024-04-25,Webcam,Nordeste,3,185.46
808,2024-01-11,Headset,Norte,4,238.11
809,2024-03-29,Webcam,Sul,1,170.06
810,2024-06-05,Headset,Centro-Oeste,4,237.4
811,2024-08-23,Teclado,Centro-Oeste,2,149.0
812,2024-09-23,Webcam,Sul,4,183.04
813,2024-09-18,Notebook,Centro-Oeste,5,3603.14
814,2024-05-24,Headset,Centro-Oeste,1,219.2
815,2024-05-21,Teclado,Centro-Oeste,3,142.83
816,2024-11-29,Webcam,Centro-Oeste,2,167.4
817,2024-01-30,Mouse,Sul,4,82.57
818,2024-03-12,Webcam,Norte,4,197.91
819,2024-08-02,Teclado,Sudeste,4,157.1
820,2024-12-28,Headset,Sul,2,213.1
821,2024-04-23,Webcam,Sul,4,194.63
822,2024-07-02,Webcam,Sul,3,192.44
823,2024-10-12,Webcam,Nordeste,3,165.51
824,2024-05-12,Mouse,Sul,2,87.15
825,2024-12-01,Teclado,Norte,2,145.66
826,2024-06-06,Webcam,Sudeste,3,175.38
827,2024-05-30,Headset,Sudeste,1,218.7
828,2024-10-25,Webcam,Sul,5,164.56
829,2024-09-13,Mouse,Norte,4,80.48
830,2024-01-28,Monitor,Nordeste,2,988.62
831,2024-07-28,Teclado,Sul,4,139.3
832,2024-04-02,Webcam,Norte,4,173.97
833,2024-06-09,Mouse,Norte,1,79.23
834,2024-03-27,Mouse,Sul,2,79.83
835,2024-03-07,Notebook,Sul,4,3593.44
836,2024-08-07,Monitor,Sudeste,4,810.84
837,2024-04-12,Headset,Centro-Oeste,1,237.25
838,2024-04-07,Headset,Norte,1,225.57
839,2024-04-25,Mouse,Centro-Oeste,3,74.06
840,2024-09-14,Monitor,Sul,3,840.06
841,2024-06-01,Notebook,Centro-Oeste,4,3659.48
842,2024-09-25,Headset,Centro-Oeste,4,237.07
843,2024-06-24,Mouse,Sudeste,3,84.0
844,2024-07-25,Mouse,Norte,2,75.59
845,2024-04-18,Mouse,Norte,5,80.07
846,2024-07-06,Notebook,Norte,4,3763.58
847,2024-09-30,Teclado,Sul,1,152.82
848,2024-12-04,Notebook,Norte,1,3183.76
849,2024-08-01,Notebook,Sudeste,4,3236.52
850,2024-08-30,Teclado,Nordeste,2,155.86
851,2024-01-05,Webcam,Centro-Oeste,4,185.82
852,2024-09-23,Webcam,Centro-Oeste,5,183.8
853,2024-08-02,Mouse,Norte,5,83.5
854,2024-05-24,Notebook,Norte,1,3498.42
855,2024-04-12,Headset,Centro-Oeste,5,240.82
856,2024-12-26,Teclado,Sudeste,3,139.81
857,2024-09-11,Headset,Nordeste,4,212.55
858,2024-01-07,Notebook,Norte,1,3734.66
859,2024-09-09,Webcam,Nordeste,1,190.06
860,2024-02-21,Notebook,Centro-Oeste,2,3469.73
861,2024-05-15,Teclado,Sudeste,1,137.99
862,2024-01-21,Mouse,Centro-Oeste,3,84.83
863,2024-08-06,Teclado,Norte,1,160.54
864,2024-01-05,Notebook,Nordeste,2,3380.06
865,2024-11-14,Monitor,Centro-Oeste,1,877.07
866,2024-04-03,Teclado,Norte,4,147.01
867,2024-05-19,Monitor,Sudeste,4,953.98
868,2024-03-26,Webcam,Norte,2,187.06
869,2024-03-22,Notebook,Norte,4,3787.86
870,2024-10-18,Monitor,Sudeste,2,920.04
871,2024-11-09,Teclado,Norte,2,149.49
872,2024-02-27,Monitor,Sudeste,4,818.28
873,2024-12-01,Teclado,Centro-Oeste,1,156.14
874,2024-09-25,Webcam,Sul,5,170.06
875,2024-06-22,Webcam,Sul,5,186.78
876,2024-02-18,Headset,Sudeste,2,219.2
877,2024-12-12,Webcam,Sudeste,2,192.21
878,2024-11-09,Headset,Norte,1,226.31
879,2024-09-15,Mouse,Sudeste,4,85.91
880,2024-09-08,Notebook,Centro-Oeste,2,3381.63
881,2024-01-26,Teclado,Sul,2,151.51
882,2024-07-25,Monitor,Nordeste,1,892.64
883,2024-08-17,Headset,Norte,4,217.67
884,2024-09-11,Notebook,Norte,1,3432.41
885,2024-10-12,Notebook,Sul,1,3728.14
886,2024-11-12,Headset,Centro-Oeste,5,222.74
887,2024-12-09,Webcam,Sudeste,3,175.08
888,2024-04-24,Notebook,Sudeste,3,3542.11
889,2024-11-03,Headset,Sudeste,3,229.5
890,2024-02-19,Notebook,Nordeste,1,3388.95
891,2024-05-29,Webcam,Sul,5,175.46
892,2024-01-24,Notebook,Nordeste,4,3248.31
893,2024-07-28,Webcam,Norte,3,183.99
894,2024-03-02,Mouse,Sudeste,2,79.31
895,2024-06-22,Mouse,Norte,4,72.74
896,2024-12-10,Webcam,Sul,1,189.8
897,2024-08-22,Monitor,Sul,5,834.23
898,2024-01-03,Monitor,Sul,1,909.58
899,2024-10-26,Monitor,Sudeste,5,950.59
900,2024-12-20,Mouse,Sul,2,83.69
901,2024-02-23,Mouse,Sudeste,5,81.7
902,2024-09-15,Teclado,Sudeste,4,164.39
903,2024-05-07,Webcam,Centro-Oeste,4,196.69
904,2024-08-19,Teclado,Nordeste,2,147.38
905,2024-09-19,Webcam,Centro-Oeste,5,192.99
906,2024-10-10,Webcam,Nordeste,2,169.55
907,2024-05-28,Webcam,Centro-Oeste,2,197.33
908,2024-04-01,Webcam,Sul,5,187.0
909,2024-12-29,Teclado,Norte,3,151.87
910,2024-10-19,Headset,Sudeste,5,210.58
911,2024-01-07,Monitor,Sul,1,814.55
912,2024-01-28,Mouse,Norte,2,76.27
913,2024-05-26,Mouse,Centro-Oeste,2,85.43
914,2024-05-31,Webcam,Nordeste,5,163.16
915,2024-02-22,Monitor,Sul,5,965.67
916,2024-11-27,Webcam,Sul,4,170.55
917,2024-05-27,Webcam,Norte,4,175.95
918,2024-06-09,Webcam,Sul,1,162.47
919,2024-04-13,Teclado,Sul,4,159.9
920,2024-12-26,Webcam,Centro-Oeste,5,181.68
921,2024-04-10,Headset,Nordeste,3,217.75
922,2024-02-08,Webcam,Nordeste,2,188.46
923,2024-07-12,Notebook,Norte,4,3345.38
924,2024-03-07,Teclado,Nordeste,5,160.38
925,2024-06-18,Notebook,Sudeste,2,3177.96
926,2024-11-01,Teclado,Norte,5,160.29
927,2024-09-08,Teclado,Sul,5,145.74
928,2024-06-11,Webcam,Sul,2,196.45
929,2024-02-04,Headset,Sul,2,216.3
930,2024-07-25,Headset,Norte,3,207.73
931,2024-12-05,Mouse,Centro-Oeste,3,77.77
932,2024-11-12,Mouse,Sul,4,87.95
933,2024-01-05,Webcam,Norte,3,178.04
934,2024-11-10,Webcam,Sul,2,196.52
935,2024-06-13,Webcam,Sudeste,1,175.89
936,2024-05-24,Headset,Norte,5,234.17
937,2024-09-20,Teclado,Sul,4,149.6
938,2024-11-29,Teclado,Nordeste,3,150.42
939,2024-03-26,Notebook,Sul,5,3155.13
940,2024-04-17,Notebook,Nordeste,4,3734.97
941,2024-10-02,Mouse,Sudeste,1,83.95
942,2024-01-13,Mouse,Sudeste,3,72.61
943,2024-01-28,Notebook,Nordeste,3,3540.66
944,2024-04-26,Headset,Centro-Oeste,4,215.07
945,2024-07-26,Webcam,Sudeste,3,162.61
946,2024-03-01,Webcam,Sul,1,185.09
947,2024-02-02,Headset,Sul,1,228.84
948,2024-07-02,Notebook,Sul,1,3352.89
949,2024-06-03,Webcam,Sul,1,172.13
950,2024-07-14,Monitor,Sudeste,1,895.32
951,2024-04-22,Headset,Nordeste,4,233.06
952,2024-05-31,Headset,Nordeste,3,227.8
953,2024-11-27,Webcam,Centro-Oeste,1,181.93
954,2024-03-13,Headset,Norte,1,198.22
955,2024-07-20,Headset,Sul,5,239.67
956,2024-04-17,Teclado,Centro-Oeste,2,147.38
957,2024-09-19,Webcam,Nordeste,2,168.62
958,2024-05-09,Headset,Nordeste,1,205.98
959,2024-01-28,Headset,Sul,4,226.37
960,2024-05-28,Notebook,Norte,3,3218.74
961,2024-10-24,Webcam,Sudeste,3,174.86
962,2024-12-01,Webcam,Nordeste,1,172.26
963,2024-04-09,Notebook,Centro-Oeste,4,3465.45
964,2024-12-03,Headset,Centro-Oeste,5,204.71
965,2024-07-05,Headset,Centro-Oeste,4,205.42
966,2024-05-06,Teclado,Nordeste,4,143.3
967,2024-03-09,Teclado,Centro-Oeste,4,148.89
968,2024-06-05,Teclado,Sudeste,5,138.26
969,2024-11-06,Webcam,Norte,3,192.91
970,2024-10-02,Mouse,Nordeste,3,83.74
971,2024-02-09,Webcam,Norte,1,192.59
972,2024-01-16,Webcam,Sul,5,176.58
973,2024-04-18,Headset,Norte,5,209.47
974,2024-08-29,Headset,Nordeste,3,215.27
975,2024-05-28,Headset,Nordeste,4,220.05
976,2024-07-22,Notebook,Centro-Oeste,5,3157.41
977,2024-11-10,Mouse,Nordeste,5,74.25
978,2024-04-01,Mouse,Sul,5,82.55
979,2024-09-04,Mouse,Centro-Oeste,1,75.5
980,2024-04-28,Monitor,Norte,3,876.5
981,2024-12-08,Notebook,Nordeste,5,3785.41
982,2024-07-17,Teclado,Sudeste,4,161.45
983,2024-11-28,Notebook,Centro-Oeste,1,3642.62
984,2024-11-20,Headset,Centro-Oeste,3,223.46
985,2024-03-30,Headset,Sudeste,4,214.07
986,2024-02-09,Webcam,Sul,3,175.55
987,2024-09-21,Mouse,Sudeste,3,85.08
988,2024-09-06,Teclado,Sudeste,5,135.2
989,2024-08-13,Mouse,Nordeste,2,73.23
990,2024-05-23,Webcam,Nordeste,2,168.73
991,2024-11-04,Teclado,Norte,2,147.44
992,2024-02-28,Teclado,Sudeste,4,149.37
993,2024-03-23,Headset,Sudeste,1,208.72
994,2024-10-20,Mouse,Sul,2,74.16
995,2024-01-21,Headset,Sul,2,200.46
996,2024-04-02,Teclado,Sul,4,152.98
997,2024-11-22,Headset,Norte,3,239.68
998,2024-08-17,Mouse,Sul,4,85.88
999,2024-04-22,Mouse,Sudeste,5,74.28
1000,2024-04-03,Headset,Sul,5,209.64
1001,2024-12-17,Webcam,Centro-Oeste,4,183.48
1002,2024-04-27,Notebook,Sudeste,4,3242.55
1003,2024-04-13,Notebook,Sul,5,3629.06
1004,2024-11-06,Mouse,Norte,2,79.61
1005,2024-11-03,Headset,Norte,5,220.15
1006,2024-02-17,Notebook,Sudeste,2,3781.39
1007,2024-01-01,Headset,Sudeste,5,216.51
1008,2024-12-23,Notebook,Sul,4,3310.64
1009,2024-07-14,Monitor,Centro-Oeste,5,954.83
1010,2024-10-21,Webcam,Norte,4,166.82
1011,2024-04-29,Monitor,Norte,3,917.69
1012,2024-07-28,Headset,Centro-Oeste,2,198.24
1013,2024-01-04,Webcam,Sul,5,166.24
1014,2024-07-11,Notebook,Nordeste,3,3436.19
1015,2024-03-20,Notebook,Sudeste,5,3327.54
1016,2024-08-04,Headset,Sul,3,224.92
1017,2024-07-22,Webcam,Nordeste,4,181.88
1018,2024-09-04,Headset,Nordeste,3,222.6
1019,2024-05-09,Monitor,Centro-Oeste,5,871.98
1020,2024-07-22,Webcam,Nordeste,1,188.92
1021,2024-12-24,Monitor,Nordeste,1,848.6
1022,2024-06-22,Monitor,Sul,5,935.47
1023,2024-01-27,Webcam,Nordeste,4,196.72
1024,2024-02-16,Notebook,Nordeste,4,3798.1
1025,2024-02-15,Monitor,Norte,3,849.92
1026,2024-11-07,Notebook,Norte,4,3801.48
1027,2024-11-10,Monitor,Sul,3,938.09
1028,2024-01-30,Headset,Nordeste,4,217.31
1029,2024-12-02,Mouse,Sul,3,75.12
1030,2024-09-18,Headset,Sul,2,225.07
1031,2024-01-19,Webcam,Centro-Oeste,2,185.58
1032,2024-02-14,Mouse,Centro-Oeste,4,77.65
1033,2024-07-26,Monitor,Sul,2,903.19
1034,2024-12-26,Webcam,Norte,1,181.79
1035,2024-10-13,Webcam,Sul,3,174.51
1036,2024-04-25,Teclado,Sul,2,148.64
1037,2024-10-21,Monitor,Norte,3,841.51
1038,2024-02-24,Headset,Sul,1,220.14
1039,2024-02-29,Teclado,Sul,3,161.28
1040,2024-05-08,Headset,Sudeste,4,222.78
1041,2024-06-22,Mouse,Sudeste,4,86.34
1042,2024-09-03,Notebook,Norte,3,3197.29
1043,2024-04-22,Webcam,Nordeste,3,176.85
1044,2024-09-21,Teclado,Sul,1,156.02
1045,2024-05-07,Teclado,Centro-Oeste,1,146.97
1046,2024-06-24,Webcam,Norte,5,195.53
1047,2024-06-09,Monitor,Centro-Oeste,2,970.98
1048,2024-04-03,Teclado,Nordeste,4,157.11
1049,2024-05-03,Mouse,Centro-Oeste,2,75.67
1050,2024-11-12,Mouse,Centro-Oeste,2,84.46
1051,2024-02-10,Notebook,Sudeste,5,3154.64
1052,2024-01-22,Headset,Sudeste,3,225.31
1053,2024-10-21,Monitor,Centro-Oeste,4,842.92
1054,2024-05-23,Headset,Sudeste,2,231.01
1055,2024-01-28,Mouse,Sul,4,79.65
1056,2024-01-17,Headset,Sul,3,215.32
1057,2024-03-30,Webcam,Sudeste,1,187.14
1058,2024-06-10,Monitor,Norte,1,931.34
1059,2024-10-24,Monitor,Norte,3,875.09
1060,2024-04-05,Teclado,Sul,3,142.11
1061,2024-11-09,Monitor,Centro-Oeste,3,843.1
1062,2024-04-17,Monitor,Sudeste,3,875.71
1063,2024-05-23,Monitor,Sudeste,2,912.85
1064,2024-12-17,Headset,Nordeste,1,229.72
1065,2024-10-11,Mouse,Sudeste,4,75.14
1066,2024-03-17,Webcam,Sudeste,1,168.36
1067,2024-03-09,Monitor,Sul,5,939.7
1068,2024-06-02,Monitor,Centro-Oeste,5,964.53
1069,2024-07-22,Notebook,Norte,2,3192.03
1070,2024-08-31,Teclado,Norte,4,157.34
1071,2024-07-03,Teclado,Centro-Oeste,5,151.72
1072,2024-06-25,Teclado,Norte,4,138.64
1073,2024-11-06,Webcam,Nordeste,5,182.73
1074,2024-10-02,Webcam,Nordeste,3,174.78
1075,2024-09-18,Webcam,Sudeste,4,194.03
1076,2024-11-10,Monitor,Centro-Oeste,4,923.71
1077,2024-03-26,Mouse,Centro-Oeste,4,82.1
1078,2024-07-26,Headset,Norte,1,205.13
1079,2024-06-09,Mouse,Centro-Oeste,3,83.37
1080,2024-11-26,Headset,Sudeste,3,237.06
1081,2024-10-27,Teclado,Sul,4,147.42
1082,2024-01-12,Mouse,Nordeste,2,82.59
1083,2024-12-24,Webcam,Norte,2,168.01
1084,2024-02-18,Notebook,Norte,4,3533.9
1085,2024-07-22,Notebook,Sul,1,3222.75
1086,2024-03-20,Headset,Norte,4,211.61
1087,2024-05-25,Mouse,Sudeste,2,74.1
1088,2024-01-15,Mouse,Norte,3,85.77
1089,2024-08-31,Teclado,Sudeste,5,163.05
1090,2024-08-15,Headset,Nordeste,5,205.79
1091,2024-08-21,Headset,Sul,4,221.03
1092,2024-09-30,Webcam,Centro-Oeste,3,179.34
1093,2024-02-15,Mouse,Sudeste,3,77.85
1094,2024-03-20,Teclado,Centro-Oeste,1,135.0
1095,2024-06-25,Mouse,Centro-Oeste,4,80.56
1096,2024-09-08,Webcam,Sudeste,3,162.33
1097,2024-05-29,Monitor,Sul,2,953.42
1098,2024-07-10,Headset,Nordeste,4,236.82
1099,2024-07-21,Monitor,Nordeste,2,938.69
1100,2024-07-18,Webcam,Sudeste,2,171.47
1101,2024-11-16,Monitor,Nordeste,5,947.62
1102,2024-12-21,Headset,Centro-Oeste,3,226.53
1103,2024-05-17,Headset,Sudeste,2,235.55
1104,2024-03-10,Mouse,Centro-Oeste,1,82.19
1105,2024-08-19,Headset,Centro-Oeste,5,219.65
1106,2024-01-10,Teclado,Nordeste,1,164.09
1107,2024-04-05,Notebook,Norte,3,3338.44
1108,2024-08-12,Webcam,Norte,2,165.25
1109,2024-09-09,Notebook,Nordeste,3,3444.17
1110,2024-07-09,Monitor,Sudeste,1,869.44
1111,2024-01-29,Mouse,Centro-Oeste,4,73.14
1112,2024-04-02,Monitor,Nordeste,3,957.11
1113,2024-03-03,Notebook,Nordeste,4,3689.86
1114,2024-05-06,Monitor,Norte,2,892.95
1115,2024-09-23,Notebook,Nordeste,4,3422.39
1116,2024-06-14,Teclado,Nordeste,1,157.34
1117,2024-09-23,Headset,Norte,3,219.17
1118,2024-04-11,Teclado,Centro-Oeste,1,160.91
1119,2024-02-27,Mouse,Nordeste,4,77.19
1120,2024-05-21,Mouse,Sul,1,78.33
1121,2024-01-05,Mouse,Norte,5,84.54
1122,2024-12-18,Monitor,Sul,2,876.85
1123,2024-05-07,Notebook,Nordeste,4,3213.98
1124,2024-06-22,Headset,Norte,1,213.64
1125,2024-12-25,Mouse,Sul,1,74.01
1126,2024-06-11,Mouse,Sul,3,84.89
1127,2024-04-08,Monitor,Norte,4,874.47
1128,2024-05-08,Mouse,Norte,4,83.31
1129,2024-05-30,Headset,Sul,4,206.35
1130,2024-10-05,Mouse,Centro-Oeste,3,83.72
1131,2024-11-02,Teclado,Sul,2,137.07
1132,2024-08-18,Mouse,Centro-Oeste,3,80.67
1133,2024-01-01,Monitor,Sul,4,942.06
1134,2024-11-13,Notebook,Centro-Oeste,5,3317.15
1135,2024-02-02,Webcam,Sul,4,168.84
1136,2024-09-11,Webcam,Sul,2,184.07
1137,2024-07-28,Teclado,Centro-Oeste,1,137.89
1138,2024-02-04,Webcam,Norte,2,168.43
1139,2024-04-13,Notebook,Norte,4,3284.13
1140,2024-10-19,Notebook,Sudeste,4,3518.07
1141,2024-10-29,Webcam,Centro-Oeste,1,175.19
1142,2024-02-06,Headset,Norte,2,226.85
1143,2024-08-27,Notebook,Norte,3,3540.61
1144,2024-07-07,Monitor,Norte,5,857.85
1145,2024-02-06,Notebook,Centro-Oeste,1,3811.22
1146,2024-02-19,Headset,Norte,2,221.39
1147,2024-04-08,Mouse,Sul,2,81.12
1148,2024-10-12,Mouse,Sul,4,83.94
1149,2024-10-22,Webcam,Centro-Oeste,4,187.29
1150,2024-02-23,Monitor,Nordeste,2,908.99
1151,2024-06-21,Headset,Nordeste,5,241.93
1152,2024-06-29,Monitor,Centro-Oeste,5,988.46
1153,2024-07-09,Teclado,Sudeste,4,159.78
1154,2024-11-07,Teclado,Nordeste,5,151.37
1155,2024-10-08,Monitor,Centro-Oeste,3,983.1
1156,2024-07-22,Monitor,Norte,1,986.93
1157,2024-01-09,Headset,Sul,2,241.71
1158,2024-01-04,Teclado,Centro-Oeste,2,141.44
1159,2024-01-12,Teclado,Centro-Oeste,5,150.34
1160,2024-10-19,Headset,Nordeste,1,199.66
1161,2024-03-20,Teclado,Nordeste,3,146.01
1162,2024-05-07,Headset,Nordeste,3,233.69
1163,2024-10-19,Notebook,Sudeste,5,3792.52
1164,2024-02-09,Webcam,Centro-Oeste,4,168.22
1165,2024-12-25,Webcam,Sul,1,183.43
1166,2024-01-20,Teclado,Sul,4,137.35
1167,2024-06-20,Notebook,Centro-Oeste,4,3441.57
1168,2024-04-26,Notebook,Sul,1,3593.72
1169,2024-07-14,Webcam,Norte,3,180.88
1170,2024-10-03,Teclado,Sul,2,144.8
1171,2024-04-23,Webcam,Nordeste,1,186.25
1172,2024-08-16,Monitor,Sul,5,900.85
1173,2024-08-09,Mouse,Centro-Oeste,4,74.37
1174,2024-02-12,Teclado,Sudeste,5,157.36
1175,2024-07-23,Headset,Centro-Oeste,1,215.54
1176,2024-12-23,Monitor,Nordeste,2,896.57
1177,2024-09-06,Mouse,Sudeste,5,75.14
1178,2024-09-25,Headset,Nordeste,2,201.15
1179,2024-06-14,Monitor,Sul,1,830.26
1180,2024-08-04,Monitor,Centro-Oeste,3,844.29
1181,2024-10-31,Teclado,Norte,3,140.08
1182,2024-11-11,Teclado,Sudeste,5,139.37
1183,2024-04-29,Notebook,Nordeste,3,3259.19
1184,2024-02-13,Webcam,Norte,1,170.75
1185,2024-03-16,Headset,Centro-Oeste,1,213.1
1186,2024-06-05,Notebook,Sudeste,4,3165.92
1187,2024-10-02,Mouse,Nordeste,2,80.74
1188,2024-10-07,Teclado,Sudeste,5,156.9
1189,2024-12-21,Mouse,Norte,4,81.33
1190,2024-09-26,Webcam,Norte,3,168.13
1191,2024-04-12,Teclado,Sul,3,136.59
1192,2024-01-05,Webcam,Norte,4,185.77
1193,2024-12-03,Webcam,Centro-Oeste,1,162.69
1194,2024-07-16,Webcam,Nordeste,4,180.31
1195,2024-02-20,Webcam,Centro-Oeste,4,193.2
1196,2024-02-15,Headset,Nordeste,2,220.03
1197,2024-10-14,Monitor,Norte,1,854.53
1198,2024-06-05,Headset,Centro-Oeste,4,215.31
1199,2024-01-10,Mouse,Centro-Oeste,3,77.69
1200,2024-04-30,Teclado,Sul,3,159.36
1201,2024-05-11,Webcam,Sudeste,1,195.99
1202,2024-04-25,Teclado,Nordeste,3,161.92
1203,2024-03-11,Webcam,Norte,4,180.75
1204,2024-11-09,Webcam,Nordeste,4,170.65
1205,2024-08-06,Mouse,Centro-Oeste,5,77.27
1206,2024-03-08,Headset,Nordeste,2,223.57
1207,2024-04-13,Webcam,Nordeste,3,186.79
1208,2024-03-10,Headset,Sudeste,2,226.87
1209,2024-03-21,Headset,Centro-Oeste,1,222.52
1210,2024-03-01,Webcam,Nordeste,3,192.22
1211,2024-01-16,Mouse,Centro-Oeste,4,87.38
1212,2024-08-14,Teclado,Centro-Oeste,2,158.37
1213,2024-03-08,Notebook,Nordeste,1,3683.71
1214,2024-11-11,Headset,Centro-Oeste,5,222.95
1215,2024-11-01,Mouse,Nordeste,2,83.0
1216,2024-02-10,Teclado,Sudeste,2,150.07
1217,2024-08-28,Headset,Centro-Oeste,2,235.49
1218,2024-08-30,Monitor,Nordeste,2,844.79
1219,2024-07-28,Notebook,Norte,3,3815.14
1220,2024-12-09,Mouse,Nordeste,2,73.06
1221,2024-11-11,Monitor,Sudeste,3,966.02
1222,2024-08-06,Mouse,Sudeste,1,81.73
1223,2024-06-09,Monitor,Sudeste,5,979.05
1224,2024-10-31,Headset,Sul,5,226.22
1225,2024-01-20,Webcam,Sul,1,178.26
1226,2024-05-05,Notebook,Sul,5,3426.93
1227,2024-01-21,Webcam,Sul,4,180.58
1228,2024-01-26,Webcam,Nordeste,3,177.82
1229,2024-05-26,Teclado,Sudeste,2,147.67
1230,2024-01-28,Headset,Sul,2,218.4
1231,2024-08-19,Webcam,Norte,5,166.07
1232,2024-12-22,Headset,Sul,2,215.29
1233,2024-08-18,Teclado,Norte,2,148.61
1234,2024-04-13,Webcam,Sudeste,1,171.0
1235,2024-11-28,Webcam,Nordeste,1,165.28
1236,2024-08-18,Webcam,Centro-Oeste,1,180.86
1237,2024-09-18,Monitor,Sul,2,878.16
1238,2024-01-23,Monitor,Nordeste,3,911.79
1239,2024-03-17,Webcam,Nordeste,2,168.44
1240,2024-01-27,Webcam,Sudeste,3,173.14
1241,2024-05-27,Monitor,Nordeste,1,971.74
1242,2024-01-02,Mouse,Sul,3,72.2
1243,2024-09-12,Monitor,Sul,1,919.44
1244,2024-05-01,Monitor,Nordeste,5,928.7
1245,2024-07-28,Monitor,Sudeste,1,918.22
1246,2024-05-05,Notebook,Sul,3,3583.84
1247,2024-04-16,Headset,Norte,2,204.52
1248,2024-06-27,Webcam,Norte,2,192.74
1249,2024-10-22,Webcam,Sul,3,173.92
1250,2024-01-26,Notebook,Norte,4,3845.61
1251,2024-12-10,Mouse,Centro-Oeste,5,82.57
1252,2024-10-31,Webcam,Sul,5,168.39
1253,2024-10-23,Monitor,Centro-Oeste,1,826.76
1254,2024-06-14,Teclado,Centro-Oeste,4,159.61
1255,2024-10-08,Monitor,Norte,3,894.75
1256,2024-12-21,Notebook,Centro-Oeste,3,3518.94
1257,2024-04-17,Headset,Nordeste,5,200.56
1258,2024-11-18,Headset,Sul,1,219.28
1259,2024-11-05,Webcam,Centro-Oeste,4,183.92
1260,2024-05-12,Teclado,Sul,5,164.85
1261,2024-03-07,Teclado,Sul,5,149.89
1262,2024-11-19,Webcam,Sudeste,4,191.09
1263,2024-04-29,Headset,Centro-Oeste,2,198.07
1264,2024-08-26,Notebook,Norte,2,3709.7
1265,2024-07-30,Monitor,Norte,3,872.94
1266,2024-04-18,Webcam,Norte,2,186.84
1267,2024-02-04,Teclado,Centro-Oeste,3,150.2
1268,2024-01-04,Teclado,Norte,3,145.24
1269,2024-10-18,Webcam,Sul,1,191.95
1270,2024-06-18,Mouse,Centro-Oeste,4,86.66
1271,2024-11-26,Notebook,Nordeste,4,3258.77
1272,2024-10-01,Monitor,Centro-Oeste,4,951.12
1273,2024-01-29,Monitor,Sul,3,911.69
1274,2024-06-10,Webcam,Sul,5,162.67
1275,2024-12-16,Headset,Centro-Oeste,3,200.91
1276,2024-05-23,Mouse,Norte,3,87.74
1277,2024-09-30,Webcam,Nordeste,5,183.8
1278,2024-10-31,Mouse,Norte,3,83.28
1279,2024-12-29,Teclado,Norte,3,147.42
1280,2024-05-01,Monitor,Centro-Oeste,4,959.3
1281,2024-04-20,Teclado,Sul,3,140.25
1282,2024-01-20,Teclado,Nordeste,1,148.31
1283,2024-09-04,Notebook,Sul,2,3283.15
1284,2024-09-25,Monitor,Centro-Oeste,3,835.79
1285,2024-09-21,Notebook,Nordeste,2,3657.2
1286,2024-07-17,Monitor,Sul,1,810.74
1287,2024-12-17,Notebook,Sul,1,3383.3
1288,2024-02-22,Notebook,Sul,3,3165.74
1289,2024-11-23,Teclado,Nordeste,3,141.02
1290,2024-05-21,Teclado,Sul,3,158.18
1291,2024-03-01,Webcam,Centro-Oeste,2,167.67
1292,2024-01-08,Notebook,Sul,5,3509.84
1293,2024-10-04,Mouse,Centro-Oeste,5,77.1
1294,2024-12-26,Mouse,Centro-Oeste,5,75.92
1295,2024-06-08,Notebook,Sul,3,3528.4
1296,2024-03-07,Notebook,Norte,4,3782.3
1297,2024-02-24,Notebook,Sudeste,1,3210.28
1298,2024-04-01,Monitor,Sul,5,923.3
1299,2024-12-24,Webcam,Sudeste,5,174.8
1300,2024-04-11,Teclado,Sul,1,164.21
1301,2024-10-17,Monitor,Nordeste,1,956.31
1302,2024-08-27,Webcam,Norte,4,173.17
1303,2024-12-29,Webcam,Sudeste,4,170.34
1304,2024-03-14,Mouse,Sul,3,86.61
1305,2024-04-03,Monitor,Centro-Oeste,3,891.59
1306,2024-02-03,Notebook,Sudeste,1,3396.01
1307,2024-03-28,Monitor,Centro-Oeste,3,918.8
1308,2024-09-17,Mouse,Norte,4,85.08
1309,2024-06-15,Notebook,Sul,1,3704.7
1310,2024-08-24,Headset,Sudeste,5,216.19
1311,2024-05-04,Headset,Sul,2,240.85
1312,2024-02-03,Monitor,Centro-Oeste,2,956.5
1313,2024-08-08,Headset,Sudeste,5,232.64
1314,2024-12-21,Headset,Nordeste,2,227.15
1315,2024-12-30,Notebook,Sul,4,3230.03
1316,2024-08-25,Headset,Centro-Oeste,5,202.3
1317,2024-03-31,Monitor,Centro-Oeste,4,822.53
1318,2024-12-16,Notebook,Sul,4,3379.19
1319,2024-12-04,Webcam,Norte,1,169.83
1320,2024-10-24,Mouse,Norte,2,82.57
1321,2024-09-29,Monitor,Centro-Oeste,4,920.8
1322,2024-04-10,Monitor,Nordeste,3,863.95
1323,2024-06-04,Webcam,Sudeste,3,197.65
1324,2024-01-05,Headset,Sul,5,215.78
1325,2024-05-30,Mouse,Norte,3,86.42
1326,2024-01-01,Notebook,Sul,3,3226.79
1327,2024-01-16,Teclado,Nordeste,4,156.07
1328,2024-11-16,Monitor,Centro-Oeste,4,883.09
1329,2024-10-06,Monitor,Nordeste,2,895.48
1330,2024-10-11,Mouse,Sudeste,3,85.44
1331,2024-05-27,Mouse,Nordeste,2,72.19
1332,2024-01-09,Webcam,Nordeste,4,185.69
1333,2024-02-13,Mouse,Nordeste,4,85.76
1334,2024-11-05,Webcam,Sudeste,5,168.47
1335,2024-08-05,Headset,Sul,4,214.93
1336,2024-04-05,Mouse,Sudeste,5,72.12
1337,2024-05-01,Monitor,Sul,3,883.95
1338,2024-10-22,Headset,Centro-Oeste,1,241.04
1339,2024-09-04,Headset,Centro-Oeste,1,223.53
1340,2024-02-10,Webcam,Nordeste,5,197.41
1341,2024-08-26,Teclado,Sul,1,150.7
1342,2024-02-15,Headset,Nordeste,4,225.75
1343,2024-12-08,Webcam,Norte,5,190.73
1344,2024-11-09,Teclado,Norte,3,151.05
1345,2024-08-28,Notebook,Sudeste,5,3784.24
1346,2024-06-18,Headset,Sudeste,3,240.27
1347,2024-05-28,Teclado,Nordeste,1,155.85
1348,2024-06-04,Headset,Sul,3,200.7
1349,2024-10-23,Monitor,Nordeste,5,819.29
1350,2024-11-15,Teclado,Norte,3,149.54
1351,2024-09-15,Mouse,Norte,3,76.03
1352,2024-05-23,Headset,Centro-Oeste,3,198.62
1353,2024-11-05,Notebook,Nordeste,5,3667.28
1354,2024-08-16,Webcam,Centro-Oeste,2,171.41
1355,2024-04-30,Webcam,Sudeste,2,190.78
1356,2024-06-24,Notebook,Norte,2,3566.88
1357,2024-09-10,Mouse,Sudeste,4,75.81
1358,2024-11-22,Monitor,Nordeste,2,914.0
1359,2024-01-28,Teclado,Centro-Oeste,1,136.58
1360,2024-07-23,Monitor,Sudeste,3,895.73
1361,2024-04-29,Headset,Sudeste,4,218.88
1362,2024-09-28,Mouse,Sudeste,1,76.62
1363,2024-07-14,Monitor,Centro-Oeste,5,932.92
1364,2024-02-19,Notebook,Sul,3,3819.33
1365,2024-11-08,Monitor,Centro-Oeste,3,858.66
1366,2024-05-10,Notebook,Sul,4,3472.78
1367,2024-05-03,Webcam,Sul,2,180.72
1368,2024-12-19,Webcam,Nordeste,3,181.71
1369,2024-01-05,Webcam,Norte,1,176.8
1370,2024-02-23,Headset,Sudeste,3,207.65
1371,2024-05-08,Teclado,Nordeste,1,135.71
1372,2024-01-30,Notebook,Sul,2,3815.34
1373,2024-03-03,Webcam,Norte,1,192.83
1374,2024-07-11,Mouse,Sul,2,86.34
1375,2024-04-04,Webcam,Centro-Oeste,3,178.81
1376,2024-11-23,Notebook,Sudeste,3,3688.55
1377,2024-12-07,Webcam,Centro-Oeste,3,167.83
1378,2024-05-21,Notebook,Norte,4,3422.01
1379,2024-05-12,Notebook,Centro-Oeste,2,3458.4
1380,2024-04-12,Monitor,Sul,4,842.12
1381,2024-02-25,Monitor,Nordeste,5,948.37
1382,2024-11-10,Mouse,Norte,4,83.45
1383,2024-01-18,Notebook,Norte,1,3549.94
1384,2024-08-16,Teclado,Norte,4,139.47
1385,2024-01-01,Webcam,Norte,4,171.59
1386,2024-06-17,Webcam,Sudeste,5,162.13
1387,2024-09-08,Webcam,Sudeste,4,176.54
1388,2024-02-05,Webcam,Sul,2,162.12
1389,2024-09-03,Webcam,Norte,5,181.27
1390,2024-06-19,Teclado,Centro-Oeste,4,136.66
1391,2024-02-16,Webcam,Centro-Oeste,5,192.72
1392,2024-02-11,Teclado,Sudeste,3,154.43
1393,2024-10-10,Mouse,Norte,4,82.57
1394,2024-12-22,Teclado,Sudeste,1,153.92
1395,2024-09-06,Teclado,Norte,4,157.06
1396,2024-01-19,Mouse,Nordeste,1,83.52
1397,2024-05-02,Headset,Sudeste,4,200.77
1398,2024-11-25,Headset,Centro-Oeste,4,221.49
1399,2024-01-09,Monitor,Norte,3,820.09
1400,2024-01-22,Webcam,Sudeste,1,169.62
1401,2024-12-07,Webcam,Sul,4,195.84
1402,2024-03-17,Headset,Sul,2,238.69
1403,2024-03-13,Notebook,Sudeste,1,3479.85
1404,2024-01-24,Headset,Nordeste,2,198.63
1405,2024-01-26,Webcam,Centro-Oeste,1,178.42
1406,2024-10-29,Mouse,Norte,1,73.83
1407,2024-11-11,Headset,Nordeste,1,233.4
1408,2024-06-21,Monitor,Sudeste,3,831.74
1409,2024-10-21,Webcam,Sul,2,173.58
1410,2024-01-24,Mouse,Sul,2,77.37
1411,2024-05-20,Notebook,Nordeste,4,3267.64
1412,2024-10-10,Teclado,Nordeste,4,142.31
1413,2024-01-21,Headset,Nordeste,1,232.81
1414,2024-11-09,Webcam,Sudeste,2,162.56
1415,2024-02-11,Monitor,Norte,1,842.29
1416,2024-12-27,Notebook,Sul,3,3441.36
1417,2024-12-20,Monitor,Nordeste,2,835.76
1418,2024-09-24,Teclado,Sudeste,4,142.18
1419,2024-11-08,Mouse,Norte,5,74.88
1420,2024-11-09,Monitor,Norte,3,872.61
1421,2024-10-12,Notebook,Nordeste,2,3232.26
1422,2024-02-18,Headset,Sul,3,235.96
1423,2024-09-16,Headset,Nordeste,4,231.89
1424,2024-04-16,Webcam,Centro-Oeste,1,168.97
1425,2024-12-16,Mouse,Sudeste,4,74.82
1426,2024-01-23,Webcam,Norte,3,172.26
1427,2024-05-08,Monitor,Centro-Oeste,5,954.93
1428,2024-01-23,Monitor,Norte,1,976.48
1429,2024-03-21,Mouse,Norte,4,80.24
1430,2024-04-30,Notebook,Sudeste,5,3555.83
1431,2024-04-11,Monitor,Centro-Oeste,2,950.22
1432,2024-04-26,Teclado,Norte,2,157.13
1433,2024-07-11,Mouse,Nordeste,1,79.54
1434,2024-01-28,Monitor,Sudeste,2,848.91
1435,2024-08-20,Headset,Nordeste,4,214.43
1436,2024-04-09,Monitor,Centro-Oeste,3,846.4
1437,2024-01-17,Mouse,Sul,1,76.49
1438,2024-08-26,Notebook,Sudeste,4,3269.84
1439,2024-04-22,Teclado,Centro-Oeste,5,139.7
1440,2024-11-09,Webcam,Nordeste,5,196.92
1441,2024-02-14,Mouse,Sudeste,5,79.83
1442,2024-10-29,Mouse,Sudeste,4,76.47
1443,2024-08-07,Webcam,Nordeste,2,173.78
1444,2024-04-23,Headset,Sul,2,238.21
1445,2024-08-01,Notebook,Norte,1,3843.89
1446,2024-09-15,Webcam,Norte,4,181.12
1447,2024-12-22,Monitor,Norte,4,899.15
1448,2024-10-12,Notebook,Norte,4,3814.95
1449,2024-07-02,Mouse,Centro-Oeste,2,82.36
1450,2024-01-09,Notebook,Sudeste,3,3263.26
1451,2024-10-19,Monitor,Sul,1,985.76
1452,2024-03-11,Monitor,Sudeste,2,952.17
1453,2024-11-16,Teclado,Sudeste,1,160.81
1454,2024-07-16,Notebook,Centro-Oeste,5,3172.9
1455,2024-05-18,Monitor,Sul,5,913.54
1456,2024-12-16,Mouse,Norte,5,86.09
1457,2024-01-29,Webcam,Sul,3,193.97
1458,2024-07-15,Notebook,Centro-Oeste,4,3583.39
1459,2024-07-06,Teclado,Nordeste,5,156.15
1460,2024-12-29,Headset,Nordeste,2,241.18
1461,2024-10-03,Mouse,Norte,4,83.8
1462,2024-12-25,Headset,Nordeste,2,212.1
1463,2024-09-14,Teclado,Sudeste,3,136.63
1464,2024-06-25,Teclado,Sudeste,4,150.04
1465,2024-08-28,Notebook,Sul,5,3779.62
1466,2024-11-13,Monitor,Centro-Oeste,1,843.9
1467,2024-02-14,Monitor,Norte,4,971.63
1468,2024-02-09,Teclado,Norte,2,143.28
1469,2024-03-16,Webcam,Sudeste,2,193.5
1470,2024-11-17,Headset,Norte,3,216.33
1471,2024-10-04,Webcam,Nordeste,4,174.48
1472,2024-11-26,Monitor,Norte,3,844.03
1473,2024-04-28,Notebook,Sul,3,3438.18
1474,2024-12-01,Teclado,Centro-Oeste,4,152.8
1475,2024-09-28,Webcam,Sul,4,178.49
1476,2024-03-08,Headset,Centro-Oeste,2,232.73
1477,2024-09-04,Mouse,Centro-Oeste,3,84.32
1478,2024-03-16,Notebook,Centro-Oeste,3,3469.15
1479,2024-11-12,Mouse,Nordeste,5,76.56
1480,2024-12-28,Mouse,Nordeste,2,75.81
1481,2024-06-11,Notebook,Sul,2,3458.62
1482,2024-04-04,Teclado,Nordeste,5,156.21
1483,2024-06-11,Webcam,Centro-Oeste,2,175.42
1484,2024-03-24,Headset,Sul,3,203.35
1485,2024-07-26,Notebook,Sudeste,2,3813.45
1486,2024-03-20,Teclado,Norte,5,164.27
1487,2024-11-27,Teclado,Centro-Oeste,4,161.88
1488,2024-12-07,Headset,Nordeste,5,230.06
1489,2024-06-22,Monitor,Norte,4,972.03
1490,2024-12-13,Mouse,Sul,1,76.93
1491,2024-11-12,Monitor,Nordeste,4,874.33
1492,2024-01-29,Teclado,Sul,2,152.5
1493,2024-05-22,Mouse,Nordeste,1,73.34
1494,2024-12-12,Monitor,Norte,5,881.0
1495,2024-06-11,Monitor,Sul,5,902.08
1496,2024-12-07,Notebook,Centro-Oeste,4,3253.56
1497,2024-07-08,Monitor,Sudeste,3,812.19
1498,2024-06-28,Teclado,Centro-Oeste,4,161.23
1499,2024-04-20,Notebook,Sudeste,4,3712.58
1500,2024-03-24,Teclado,Sudeste,4,139.19
1501,2024-11-02,Headset,Norte,2,207.14
1502,2024-09-25,Monitor,Centro-Oeste,1,977.97
1503,2024-07-11,Headset,Norte,1,216.02
1504,2024-07-31,Teclado,Nordeste,5,148.86
1505,2024-03-11,Headset,Nordeste,2,234.62
1506,2024-10-10,Teclado,Sudeste,1,159.68
1507,2024-10-26,Teclado,Centro-Oeste,4,151.78
1508,2024-04-24,Monitor,Norte,1,837.72
1509,2024-11-23,Teclado,Sudeste,1,154.61
1510,2024-08-01,Teclado,Nordeste,4,162.2
1511,2024-05-05,Webcam,Norte,1,189.53
1512,2024-02-04,Monitor,Sul,3,914.59
1513,2024-08-11,Headset,Centro-Oeste,4,240.87
1514,2024-07-10,Notebook,Sul,5,3162.28
1515,2024-03-24,Teclado,Sul,1,139.38
1516,2024-12-20,Monitor,Nordeste,3,839.4
1517,2024-07-03,Teclado,Sudeste,3,136.46
1518,2024-09-28,Teclado,Norte,5,140.81
1519,2024-04-03,Webcam,Norte,5,189.09
1520,2024-06-14,Headset,Centro-Oeste,3,209.94
1521,2024-12-18,Webcam,Centro-Oeste,1,181.24
1522,2024-03-14,Teclado,Norte,2,150.55
1523,2024-09-05,Teclado,Sudeste,3,162.63
1524,2024-02-22,Mouse,Nordeste,2,80.05
1525,2024-10-13,Mouse,Sul,5,85.54
1526,2024-10-09,Webcam,Norte,4,178.58
1527,2024-02-29,Notebook,Nordeste,1,3485.66
1528,2024-12-19,Teclado,Centro-Oeste,2,159.51
1529,2024-09-24,Headset,Centro-Oeste,2,229.24
1530,2024-03-01,Notebook,Nordeste,2,3749.77
1531,2024-12-18,Mouse,Nordeste,3,74.01
1532,2024-02-10,Mouse,Sudeste,1,73.24
1533,2024-08-08,Monitor,Norte,2,829.41
1534,2024-09-19,Webcam,Sul,1,178.89
1535,2024-01-23,Teclado,Norte,3,155.03
1536,2024-03-04,Notebook,Sul,2,3561.32
1537,2024-04-04,Mouse,Centro-Oeste,1,73.45
1538,2024-05-22,Webcam,Sul,3,174.68
1539,2024-11-09,Headset,Nordeste,5,223.09
1540,2024-10-23,Notebook,Norte,5,3301.9
1541,2024-05-24,Mouse,Nordeste,5,72.07
1542,2024-02-20,Webcam,Nordeste,5,192.65
1543,2024-07-06,Monitor,Sul,2,889.14
1544,2024-04-02,Notebook,Centro-Oeste,4,3446.86
1545,2024-04-26,Headset,Sudeste,1,231.5
1546,2024-03-04,Teclado,Sudeste,1,150.59
1547,2024-07-03,Monitor,Centro-Oeste,5,939.98
1548,2024-06-16,Notebook,Sudeste,1,3419.35
1549,2024-11-03,Monitor,Centro-Oeste,4,850.66
1550,2024-05-28,Monitor,Sudeste,2,964.22
1551,2024-12-13,Monitor,Centro-Oeste,2,812.3
1552,2024-09-08,Webcam,Norte,4,177.77
1553,2024-12-12,Webcam,Norte,1,167.16
1554,2024-12-21,Monitor,Sul,1,943.46
1555,2024-02-03,Mouse,Centro-Oeste,2,77.42
1556,2024-07-25,Headset,Norte,2,234.88
1557,2024-09-12,Webcam,Centro-Oeste,5,183.37
1558,2024-07-23,Webcam,Centro-Oeste,4,186.0
1559,2024-09-05,Monitor,Sul,3,836.53
1560,2024-02-25,Monitor,Norte,3,898.08
1561,2024-11-17,Mouse,Nordeste,1,73.59
1562,2024-02-04,Notebook,Sudeste,1,3830.45
1563,2024-11-05,Monitor,Centro-Oeste,2,864.5
1564,2024-02-19,Headset,Norte,5,231.77
1565,2024-04-13,Monitor,Centro-Oeste,4,898.25
1566,2024-10-04,Teclado,Centro-Oeste,5,151.4
1567,2024-08-08,Notebook,Norte,4,3465.08
1568,2024-08-14,Monitor,Sudeste,1,815.91
1569,2024-12-03,Headset,Centro-Oeste,2,219.63
1570,2024-06-08,Mouse,Sudeste,4,84.22
1571,2024-12-11,Headset,Sudeste,5,228.16
1572,2024-08-28,Headset,Sudeste,5,235.59
1573,2024-01-29,Headset,Sudeste,3,219.77
1574,2024-11-11,Monitor,Centro-Oeste,3,867.69
1575,2024-10-29,Notebook,Norte,2,3735.85
1576,2024-10-25,Teclado,Norte,3,146.42
1577,2024-06-25,Monitor,Centro-Oeste,4,873.23
1578,2024-05-05,Webcam,Nordeste,2,185.33
1579,2024-02-13,Headset,Norte,3,203.04
1580,2024-01-11,Mouse,Sul,3,72.6
1581,2024-08-04,Webcam,Sul,5,194.45
1582,2024-01-11,Teclado,Sudeste,5,135.67
1583,2024-07-12,Teclado,Sul,4,144.67
1584,2024-09-07,Notebook,Norte,2,3385.18
1585,2024-12-07,Headset,Centro-Oeste,2,225.05
1586,2024-08-11,Teclado,Nordeste,4,154.06
1587,2024-10-01,Notebook,Nordeste,3,3335.61
1588,2024-10-20,Teclado,Sudeste,2,153.74
1589,2024-10-23,Notebook,Norte,5,3385.79
1590,2024-10-17,Notebook,Sul,4,3448.97
1591,2024-02-09,Teclado,Centro-Oeste,5,159.12
1592,2024-12-05,Monitor,Sul,3,846.01
1593,2024-05-08,Monitor,Sul,5,891.58
1594,2024-04-02,Headset,Norte,5,235.96
1595,2024-09-12,Headset,Nordeste,4,209.79
1596,2024-09-29,Webcam,Sul,4,195.65
1597,2024-11-16,Webcam,Norte,5,169.22
1598,2024-03-16,Monitor,Nordeste,2,944.36
1599,2024-08-10,Teclado,Sudeste,3,160.81
1600,2024-11-20,Notebook,Nordeste,4,3336.85
1601,2024-11-26,Teclado,Nordeste,3,155.61
1602,2024-07-26,Mouse,Nordeste,1,74.4
1603,2024-05-05,Notebook,Centro-Oeste,4,3489.77
1604,2024-08-04,Monitor,Norte,2,838.68
1605,2024-01-15,Mouse,Centro-Oeste,3,82.54
1606,2024-11-25,Mouse,Norte,4,84.52
1607,2024-02-12,Notebook,Centro-Oeste,5,3358.59
1608,2024-07-27,Notebook,Centro-Oeste,1,3427.83
1609,2024-03-12,Webcam,Nordeste,1,182.56
1610,2024-03-02,Headset,Sul,5,239.79
1611,2024-05-08,Headset,Sudeste,1,208.48
1612,2024-06-09,Notebook,Centro-Oeste,5,3666.07
1613,2024-04-30,Webcam,Sudeste,2,167.19
1614,2024-04-19,Mouse,Centro-Oeste,4,78.53
1615,2024-01-29,Headset,Sudeste,5,214.49
1616,2024-06-11,Notebook,Sul,4,3482.4
1617,2024-05-22,Mouse,Nordeste,3,79.6
1618,2024-06-06,Teclado,Norte,5,136.04
1619,2024-12-05,Webcam,Norte,2,171.11
1620,2024-06-07,Monitor,Centro-Oeste,1,906.28
1621,2024-08-14,Mouse,Sudeste,1,86.56
1622,2024-05-10,Monitor,Centro-Oeste,1,978.54
1623,2024-06-01,Mouse,Nordeste,2,86.65
1624,2024-06-11,Webcam,Sudeste,1,171.87
1625,2024-09-08,Notebook,Sudeste,4,3798.55
1626,2024-08-04,Teclado,Norte,2,155.95
1627,2024-02-03,Headset,Centro-Oeste,4,224.49
1628,2024-06-16,Headset,Sudeste,1,231.53
1629,2024-11-24,Webcam,Nordeste,4,190.48
1630,2024-01-02,Mouse,Sudeste,2,82.05
1631,2024-10-21,Teclado,Norte,1,139.73
1632,2024-11-28,Headset,Nordeste,5,228.17
1633,2024-08-19,Teclado,Sudeste,2,142.82
1634,2024-10-30,Webcam,Centro-Oeste,3,169.15
1635,2024-07-07,Monitor,Nordeste,4,967.75
1636,2024-04-24,Headset,Norte,1,238.62
1637,2024-11-09,Webcam,Nordeste,1,197.07
1638,2024-05-14,Mouse,Nordeste,1,78.42
1639,2024-11-03,Monitor,Centro-Oeste,2,826.03
1640,2024-03-28,Teclado,Sul,1,135.42
1641,2024-08-10,Headset,Sudeste,4,203.21
1642,2024-04-14,Webcam,Nordeste,3,172.37
1643,2024-07-14,Monitor,Nordeste,4,964.14
1644,2024-04-20,Headset,Centro-Oeste,2,216.41
1645,2024-03-15,Monitor,Norte,3,985.7
1646,2024-11-12,Mouse,Sudeste,2,77.91
1647,2024-11-27,Webcam,Sudeste,1,162.37
1648,2024-06-14,Mouse,Sudeste,2,83.41
1649,2024-08-04,Webcam,Sul,3,164.63
1650,2024-01-31,Headset,Norte,3,238.97
1651,2024-06-30,Monitor,Sul,5,937.72
1652,2024-01-03,Notebook,Centro-Oeste,5,3583.76
1653,2024-07-21,Teclado,Centro-Oeste,2,164.04
1654,2024-01-22,Headset,Sul,2,209.45
1655,2024-09-09,Headset,Centro-Oeste,4,203.8
1656,2024-12-29,Teclado,Sul,4,139.25
1657,2024-06-09,Notebook,Norte,2,3499.45
1658,2024-07-03,Teclado,Sudeste,3,162.08
1659,2024-11-09,Teclado,Centro-Oeste,5,144.39
1660,2024-06-10,Mouse,Sudeste,2,80.89
1661,2024-11-21,Webcam,Sudeste,1,168.8
1662,2024-04-27,Notebook,Nordeste,1,3479.17
1663,2024-12-27,Mouse,Sudeste,4,73.86
1664,2024-01-21,Monitor,Sudeste,3,987.99
1665,2024-09-05,Headset,Sudeste,4,202.95
1666,2024-03-16,Webcam,Norte,3,165.37
1667,2024-04-02,Teclado,Nordeste,5,159.68
1668,2024-12-05,Headset,Sul,2,223.68
1669,2024-09-26,Notebook,Sul,2,3441.49
1670,2024-05-06,Notebook,Sudeste,1,3771.16
1671,2024-05-25,Notebook,Norte,4,3411.49
1672,2024-06-14,Notebook,Nordeste,1,3206.74
1673,2024-12-03,Webcam,Sudeste,4,184.62
1674,2024-10-31,Teclado,Norte,3,164.09
1675,2024-11-14,Webcam,Sudeste,3,196.11
1676,2024-10-18,Webcam,Nordeste,2,193.08
1677,2024-05-24,Webcam,Centro-Oeste,1,188.78
1678,2024-11-04,Headset,Sudeste,1,215.55
1679,2024-05-02,Mouse,Sudeste,1,72.33
1680,2024-03-24,Mouse,Sudeste,4,76.56
1681,2024-03-19,Webcam,Norte,3,179.67
1682,2024-06-07,Monitor,Sul,2,874.63
1683,2024-07-07,Notebook,Sul,2,3492.74
1684,2024-08-31,Monitor,Centro-Oeste,5,918.06
1685,2024-08-04,Notebook,Centro-Oeste,5,3280.45
1686,2024-08-06,Webcam,Norte,1,180.48
1687,2024-12-12,Monitor,Nordeste,2,977.52
1688,2024-11-18,Headset,Sul,1,210.79
1689,2024-02-10,Monitor,Sudeste,3,836.75
1690,2024-12-16,Mouse,Centro-Oeste,2,80.37
1691,2024-10-18,Teclado,Norte,5,137.3
1692,2024-09-19,Notebook,Norte,5,3447.44
1693,2024-08-25,Notebook,Sul,3,3398.82
1694,2024-02-11,Headset,Sul,1,203.01
1695,2024-08-24,Webcam,Nordeste,2,192.34
1696,2024-02-12,Notebook,Sudeste,3,3369.76
1697,2024-08-20,Webcam,Sudeste,5,191.08
1698,2024-04-05,Teclado,Nordeste,2,137.35
1699,2024-05-12,Headset,Norte,4,221.51
1700,2024-07-21,Notebook,Norte,1,3270.21
1701,2024-08-23,Monitor,Sudeste,5,940.66
1702,2024-11-12,Teclado,Sul,3,155.72
1703,2024-12-11,Webcam,Sudeste,3,165.15
1704,2024-01-08,Mouse,Nordeste,1,85.06
1705,2024-04-06,Webcam,Norte,2,179.32
1706,2024-11-28,Mouse,Nordeste,4,85.47
1707,2024-04-07,Headset,Norte,3,231.87
1708,2024-08-30,Mouse,Sudeste,1,73.86
1709,2024-12-25,Mouse,Sudeste,4,79.54
1710,2024-10-26,Monitor,Nordeste,2,863.07
1711,2024-01-27,Monitor,Centro-Oeste,1,828.48
1712,2024-08-09,Webcam,Sudeste,4,188.53
1713,2024-10-10,Headset,Centro-Oeste,1,219.45
1714,2024-09-19,Monitor,Sul,5,978.35
1715,2024-04-28,Monitor,Norte,5,813.42
1716,2024-06-10,Headset,Sul,1,209.79
1717,2024-08-01,Webcam,Sudeste,1,179.81
1718,2024-06-26,Webcam,Sudeste,4,162.75
1719,2024-04-08,Teclado,Sudeste,3,148.14
1720,2024-04-22,Headset,Sul,3,238.56
1721,2024-12-02,Webcam,Sudeste,2,193.79
1722,2024-12-30,Webcam,Sudeste,4,191.99
1723,2024-11-30,Webcam,Centro-Oeste,4,190.79
1724,2024-11-14,Mouse,Nordeste,3,83.05
1725,2024-12-07,Notebook,Sudeste,2,3271.3
1726,2024-11-06,Mouse,Sudeste,1,84.7
1727,2024-06-04,Monitor,Nordeste,2,910.23
1728,2024-07-02,Notebook,Centro-Oeste,3,3623.85
1729,2024-09-14,Mouse,Norte,1,77.4
1730,2024-11-12,Notebook,Nordeste,1,3543.39
1731,2024-05-12,Monitor,Centro-Oeste,3,948.49
1732,2024-05-16,Headset,Nordeste,5,224.59
1733,2024-12-27,Notebook,Norte,4,3709.29
1734,2024-02-24,Notebook,Sul,5,3697.51
1735,2024-10-14,Notebook,Norte,5,3223.79
1736,2024-03-01,Webcam,Nordeste,3,167.65
1737,2024-12-28,Teclado,Sudeste,5,149.95
1738,2024-03-19,Notebook,Centro-Oeste,3,3723.41
1739,2024-04-13,Notebook,Sudeste,4,3688.45
1740,2024-05-05,Notebook,Sudeste,3,3350.73
1741,2024-02-13,Mouse,Centro-Oeste,3,83.44
1742,2024-07-03,Monitor,Nordeste,2,945.58
1743,2024-08-03,Headset,Nordeste,2,233.28
1744,2024-07-28,Monitor,Sudeste,5,953.03
1745,2024-01-16,Teclado,Sudeste,2,158.1
1746,2024-09-21,Webcam,Norte,1,174.18
1747,2024-03-25,Monitor,Sudeste,1,880.79
1748,2024-12-04,Notebook,Nordeste,5,3190.47
1749,2024-12-04,Webcam,Sul,3,177.09
1750,2024-12-24,Webcam,Sul,3,187.98
1751,2024-06-25,Teclado,Norte,3,162.01
1752,2024-03-16,Headset,Sudeste,4,226.33
1753,2024-11-15,Headset,Sul,4,228.69
1754,2024-07-26,Webcam,Nordeste,3,165.03
1755,2024-06-20,Headset,Sudeste,2,220.9
1756,2024-05-25,Headset,Nordeste,1,220.51
1757,2024-09-23,Teclado,Centro-Oeste,2,135.7
1758,2024-10-30,Headset,Centro-Oeste,2,234.62
1759,2024-08-04,Teclado,Sul,1,156.96
1760,2024-05-12,Teclado,Sul,3,138.71
1761,2024-03-04,Webcam,Sudeste,3,182.61
1762,2024-08-20,Notebook,Centro-Oeste,2,3713.77
1763,2024-10-16,Headset,Sul,5,208.29
1764,2024-05-25,Teclado,Sul,2,156.43
1765,2024-05-06,Headset,Norte,3,220.72
1766,2024-07-03,Mouse,Sudeste,1,74.34
1767,2024-07-29,Monitor,Norte,1,821.19
1768,2024-08-31,Mouse,Nordeste,4,73.25
1769,2024-09-26,Webcam,Sudeste,5,182.12
1770,2024-05-15,Monitor,Sul,4,924.56
1771,2024-12-18,Monitor,Sudeste,4,958.29
1772,2024-09-15,Mouse,Nordeste,4,83.38
1773,2024-12-26,Mouse,Sul,5,73.89
1774,2024-08-21,Mouse,Sudeste,1,83.94
1775,2024-07-08,Headset,Norte,5,235.5
1776,2024-03-02,Notebook,Centro-Oeste,5,3352.71
1777,2024-03-19,Headset,Norte,3,211.42
1778,2024-06-04,Teclado,Centro-Oeste,4,135.84
1779,2024-03-13,Mouse,Sul,4,72.78
1780,2024-05-25,Teclado,Nordeste,2,159.57
1781,2024-01-02,Monitor,Norte,5,872.76
1782,2024-08-01,Notebook,Sudeste,5,3366.79
1783,2024-06-21,Monitor,Sudeste,4,960.2
1784,2024-03-08,Headset,Nordeste,5,226.0
1785,2024-12-07,Monitor,Sudeste,2,965.94
1786,2024-02-15,Teclado,Sul,5,147.29
1787,2024-07-21,Mouse,Centro-Oeste,5,72.73
1788,2024-08-14,Webcam,Centro-Oeste,1,193.17
1789,2024-01-13,Webcam,Sul,3,182.2
1790,2024-11-25,Notebook,Sul,1,3284.7
1791,2024-10-04,Headset,Sul,1,240.12
1792,2024-04-06,Headset,Sudeste,5,237.46
1793,2024-12-03,Notebook,Sul,2,3823.66
1794,2024-04-15,Teclado,Nordeste,5,148.33
1795,2024-11-06,Headset,Centro-Oeste,4,223.91
1796,2024-01-12,Monitor,Centro-Oeste,4,842.49
1797,2024-09-27,Notebook,Centro-Oeste,4,3330.02
1798,2024-02-20,Notebook,Sul,2,3349.75
1799,2024-05-10,Mouse,Norte,2,76.91
1800,2024-12-13,Monitor,Nordeste,1,920.61
1801,2024-04-02,Teclado,Norte,1,143.94
1802,2024-06-12,Notebook,Nordeste,4,3775.11
1803,2024-07-11,Teclado,Norte,1,141.08
1804,2024-10-27,Headset,Nordeste,4,220.38
1805,2024-07-16,Headset,Norte,3,200.67
1806,2024-10-10,Monitor,Sudeste,1,897.15
1807,2024-11-20,Monitor,Nordeste,1,858.45
1808,2024-12-11,Headset,Norte,2,231.57
1809,2024-03-05,Webcam,Centro-Oeste,5,176.64
1810,2024-11-21,Notebook,Sul,2,3698.02
1811,2024-07-10,Mouse,Sul,2,84.51
1812,2024-08-04,Headset,Sul,4,199.84
1813,2024-11-13,Monitor,Centro-Oeste,2,810.1
1814,2024-05-19,Monitor,Sul,3,961.11
1815,2024-06-28,Monitor,Nordeste,5,961.32
1816,2024-01-24,Teclado,Nordeste,5,151.89
1817,2024-02-15,Teclado,Sudeste,1,159.91
1818,2024-10-11,Webcam,Centro-Oeste,4,169.59
1819,2024-06-11,Headset,Centro-Oeste,3,241.1
1820,2024-08-19,Webcam,Centro-Oeste,2,185.84
1821,2024-06-23,Teclado,Nordeste,4,163.77
1822,2024-01-09,Teclado,Nordeste,1,153.26
1823,2024-01-05,Notebook,Nordeste,4,3539.05
1824,2024-12-26,Webcam,Sudeste,4,181.37
1825,2024-11-29,Webcam,Norte,5,163.11
1826,2024-08-15,Webcam,Norte,3,196.99
1827,2024-11-03,Monitor,Centro-Oeste,4,841.89
1828,2024-01-05,Webcam,Norte,4,175.34
1829,2024-08-15,Mouse,Norte,2,83.89
1830,2024-12-14,Teclado,Centro-Oeste,2,137.7
1831,2024-11-16,Headset,Centro-Oeste,2,208.31
1832,2024-07-04,Monitor,Norte,3,898.71
1833,2024-12-27,Webcam,Sul,2,162.26
1834,2024-07-21,Webcam,Norte,3,182.49
1835,2024-03-28,Monitor,Sul,2,928.77
1836,2024-12-10,Headset,Sul,5,205.72
1837,2024-03-06,Headset,Norte,2,209.42
1838,2024-04-26,Headset,Sul,3,206.44
1839,2024-01-12,Webcam,Sul,5,171.11
1840,2024-08-20,Headset,Norte,4,226.2
1841,2024-01-27,Webcam,Centro-Oeste,4,192.4
1842,2024-05-20,Monitor,Norte,5,893.99
1843,2024-09-21,Teclado,Norte,2,136.41
1844,2024-09-29,Monitor,Sudeste,3,810.93
1845,2024-06-20,Mouse,Norte,5,84.92
1846,2024-04-25,Webcam,Sudeste,1,195.01
1847,2024-03-25,Mouse,Centro-Oeste,3,73.01
1848,2024-02-19,Webcam,Norte,4,177.55
1849,2024-10-30,Notebook,Centro-Oeste,3,3323.01
1850,2024-05-02,Monitor,Centro-Oeste,1,957.89
1851,2024-05-01,Headset,Norte,5,225.26
1852,2024-11-16,Notebook,Sudeste,5,3237.38
1853,2024-01-18,Notebook,Sudeste,3,3773.06
1854,2024-02-03,Webcam,Nordeste,1,195.09
1855,2024-01-29,Monitor,Centro-Oeste,5,922.71
1856,2024-02-22,Notebook,Norte,5,3186.54
1857,2024-07-24,Monitor,Norte,5,945.35
1858,2024-11-02,Mouse,Sul,1,79.25
1859,2024-08-07,Monitor,Sul,5,828.23
1860,2024-12-11,Webcam,Norte,4,180.62
1861,2024-04-08,Headset,Norte,1,198.54
1862,2024-02-04,Webcam,Sul,2,194.56
1863,2024-11-22,Mouse,Sul,3,77.69
1864,2024-11-13,Monitor,Sudeste,2,853.77
1865,2024-01-31,Notebook,Nordeste,3,3559.17
1866,2024-11-29,Headset,Centro-Oeste,3,223.68
1867,2024-03-15,Headset,Nordeste,4,211.58
1868,2024-05-29,Teclado,Centro-Oeste,1,150.53
1869,2024-12-13,Webcam,Nordeste,1,170.55
1870,2024-01-28,Headset,Sudeste,3,206.6
1871,2024-11-23,Mouse,Nordeste,1,77.46
1872,2024-08-31,Webcam,Sudeste,5,186.93
1873,2024-10-16,Headset,Centro-Oeste,5,211.18
1874,2024-03-24,Teclado,Norte,4,161.28
1875,2024-09-10,Notebook,Nordeste,1,3597.14
1876,2024-04-27,Webcam,Sudeste,5,169.67
1877,2024-06-18,Monitor,Sudeste,2,882.06
1878,2024-07-04,Notebook,Norte,1,3400.52
1879,2024-02-28,Headset,Nordeste,3,217.38
1880,2024-10-26,Webcam,Centro-Oeste,1,197.11
1881,2024-04-11,Mouse,Centro-Oeste,2,75.5
1882,2024-03-30,Teclado,Centro-Oeste,5,142.38
1883,2024-01-12,Mouse,Nordeste,3,86.57
1884,2024-12-12,Notebook,Nordeste,4,3608.41
1885,2024-06-22,Notebook,Nordeste,3,3469.34
1886,2024-07-09,Teclado,Nordeste,5,164.31
1887,2024-08-10,Headset,Norte,1,204.36
1888,2024-04-07,Mouse,Nordeste,5,78.05
1889,2024-06-11,Teclado,Sul,4,164.31
1890,2024-01-24,Mouse,Sul,5,75.03
1891,2024-05-30,Headset,Nordeste,3,208.88
1892,2024-05-23,Webcam,Nordeste,5,196.86
1893,2024-04-17,Monitor,Norte,4,952.38
1894,2024-02-03,Headset,Nordeste,5,215.08
1895,2024-09-17,Webcam,Centro-Oeste,4,180.68
1896,2024-06-13,Mouse,Centro-Oeste,5,83.11
1897,2024-09-10,Webcam,Sudeste,3,182.92
1898,2024-10-25,Webcam,Norte,2,169.9
1899,2024-08-19,Mouse,Nordeste,4,75.5
1900,2024-07-12,Monitor,Sul,2,978.39
1901,2024-05-10,Teclado,Sul,1,139.03
1902,2024-05-31,Notebook,Sudeste,5,3396.1
1903,2024-01-22,Headset,Sudeste,5,225.33
1904,2024-08-18,Monitor,Sudeste,4,883.61
1905,2024-06-11,Monitor,Centro-Oeste,4,814.45
1906,2024-04-29,Monitor,Centro-Oeste,1,874.64
1907,2024-05-30,Notebook,Sul,5,3532.66
1908,2024-05-21,Notebook,Nordeste,1,3233.01
1909,2024-01-20,Teclado,Sul,2,145.01
1910,2024-06-17,Webcam,Centro-Oeste,3,188.83
1911,2024-05-20,Webcam,Nordeste,5,197.93
1912,2024-10-05,Webcam,Centro-Oeste,1,189.72
1913,2024-06-26,Teclado,Sudeste,4,159.66
1914,2024-01-07,Webcam,Sudeste,5,197.61
1915,2024-07-22,Mouse,Nordeste,2,83.57
1916,2024-08-30,Mouse,Nordeste,5,81.39
1917,2024-08-27,Headset,Sudeste,3,232.84
1918,2024-04-06,Teclado,Sudeste,4,141.29
1919,2024-10-12,Monitor,Norte,3,835.01
1920,2024-06-05,Mouse,Norte,4,84.97
1921,2024-06-22,Teclado,Nordeste,4,147.77
1922,2024-12-19,Monitor,Sul,3,868.69
1923,2024-10-17,Notebook,Norte,2,3257.58
1924,2024-10-17,Teclado,Sul,5,152.22
1925,2024-07-14,Monitor,Nordeste,4,821.47
1926,2024-04-06,Monitor,Sudeste,1,869.19
1927,2024-11-23,Monitor,Centro-Oeste,1,840.86
1928,2024-10-10,Webcam,Nordeste,1,191.75
1929,2024-09-07,Headset,Norte,2,206.76
1930,2024-05-25,Monitor,Nordeste,2,862.4
1931,2024-02-05,Headset,Sudeste,1,214.22
1932,2024-03-28,Notebook,Centro-Oeste,4,3423.77
1933,2024-03-07,Notebook,Sul,4,3484.78
1934,2024-07-18,Notebook,Nordeste,2,3759.31
1935,2024-08-09,Teclado,Sudeste,2,153.11
1936,2024-10-27,Teclado,Nordeste,5,156.5
1937,2024-05-21,Monitor,Nordeste,1,988.4
1938,2024-02-02,Monitor,Sudeste,5,955.36
1939,2024-06-17,Headset,Sul,4,218.25
1940,2024-01-21,Headset,Norte,3,226.44
1941,2024-06-26,Monitor,Centro-Oeste,4,920.34
1942,2024-07-31,Mouse,Nordeste,2,86.4
1943,2024-08-09,Webcam,Sudeste,4,194.79
1944,2024-12-23,Mouse,Sul,1,78.3
1945,2024-05-02,Notebook,Nordeste,3,3767.79
1946,2024-05-29,Headset,Norte,2,237.98
1947,2024-10-10,Monitor,Norte,3,823.78
1948,2024-09-15,Notebook,Centro-Oeste,4,3465.66
1949,2024-04-16,Teclado,Sul,1,148.87
1950,2024-11-23,Notebook,Sudeste,4,3390.56
1951,2024-04-09,Monitor,Sudeste,1,811.93
1952,2024-12-29,Notebook,Nordeste,3,3619.21
1953,2024-09-05,Monitor,Sudeste,1,824.86
1954,2024-05-04,Webcam,Sudeste,2,178.95
1955,2024-03-23,Teclado,Nordeste,1,153.21
1956,2024-05-30,Mouse,Norte,5,83.86
1957,2024-02-09,Mouse,Norte,3,74.46
1958,2024-04-01,Teclado,Nordeste,1,161.78
1959,2024-04-20,Headset,Sudeste,1,234.81
1960,2024-11-24,Headset,Norte,4,228.38
1961,2024-01-27,Monitor,Sul,1,818.76
1962,2024-04-13,Monitor,Nordeste,3,973.58
1963,2024-02-16,Mouse,Norte,4,72.45
1964,2024-06-21,Notebook,Nordeste,1,3304.4
1965,2024-12-06,Notebook,Nordeste,2,3180.81
1966,2024-02-25,Headset,Centro-Oeste,3,222.73
1967,2024-11-15,Mouse,Nordeste,5,78.32
1968,2024-03-02,Monitor,Nordeste,2,829.06
1969,2024-03-29,Teclado,Norte,4,154.62
1970,2024-07-18,Notebook,Nordeste,4,3304.07
1971,2024-05-22,Webcam,Sul,3,163.58
1972,2024-07-29,Mouse,Centro-Oeste,5,79.99
1973,2024-12-30,Notebook,Sul,5,3270.02
1974,2024-11-03,Notebook,Centro-Oeste,4,3624.53
1975,2024-03-09,Webcam,Centro-Oeste,2,184.87
1976,2024-06-11,Webcam,Sudeste,1,174.06
1977,2024-10-26,Headset,Sudeste,4,220.49
1978,2024-04-29,Webcam,Sul,5,187.37
1979,2024-04-29,Notebook,Norte,5,3681.26
1980,2024-06-07,Notebook,Nordeste,4,3680.07
1981,2024-02-10,Headset,Norte,2,214.48
1982,2024-04-13,Teclado,Nordeste,4,141.13
1983,2024-05-01,Notebook,Sul,4,3667.48
1984,2024-03-09,Teclado,Centro-Oeste,3,154.31
1985,2024-09-23,Notebook,Sudeste,3,3675.39
1986,2024-06-18,Mouse,Centro-Oeste,2,75.29
1987,2024-12-06,Notebook,Nordeste,2,3575.64
1988,2024-09-23,Monitor,Centro-Oeste,2,889.62
1989,2024-02-03,Notebook,Sudeste,1,3817.56
1990,2024-11-20,Notebook,Nordeste,2,3237.89
1991,2024-10-30,Mouse,Sul,2,75.78
1992,2024-08-06,Notebook,Sudeste,3,3264.91
1993,2024-05-05,Mouse,Sudeste,2,81.69
1994,2024-05-26,Teclado,Sul,4,164.03
1995,2024-05-19,Mouse,Sudeste,1,87.22
1996,2024-07-22,Teclado,Sudeste,2,149.12
1997,2024-09-15,Monitor,Sul,4,946.86
1998,2024-01-11,Monitor,Sudeste,4,963.73
1999,2024-10-31,Teclado,Sul,2,151.59
2000,2024-05-11,Mouse,Sudeste,4,76.89
2001,2024-07-11,Teclado,Sul,5,149.43
2002,2024-03-10,Teclado,Sudeste,2,139.64
2003,2024-01-03,Mouse,Norte,5,83.69
2004,2024-09-08,Teclado,Sudeste,4,163.21
2005,2024-07-10,Webcam,Sudeste,4,173.08
2006,2024-02-06,Headset,Sudeste,1,241.67
2007,2024-07-16,Notebook,Sul,2,3285.96
2008,2024-05-10,Monitor,Centro-Oeste,5,937.64
2009,2024-12-18,Webcam,Centro-Oeste,1,185.43
2010,2024-05-06,Monitor,Nordeste,4,816.21
2011,2024-11-19,Teclado,Norte,2,142.84
2012,2024-12-14,Monitor,Nordeste,3,854.53
2013,2024-12-05,Headset,Nordeste,1,203.14
2014,2024-11-25,Notebook,Sudeste,4,3644.25
2015,2024-09-22,Notebook,Nordeste,4,3266.08
2016,2024-05-09,Monitor,Centro-Oeste,5,984.18
2017,2024-07-14,Webcam,Sul,3,188.42
2018,2024-02-15,Webcam,Norte,5,189.96
2019,2024-03-14,Teclado,Centro-Oeste,2,162.9
2020,2024-12-23,Monitor,Centro-Oeste,1,987.66
2021,2024-01-01,Monitor,Norte,1,949.27
2022,2024-09-25,Monitor,Sudeste,3,941.95
2023,2024-03-31,Mouse,Centro-Oeste,2,83.26
2024,2024-09-06,Mouse,Nordeste,5,87.18
2025,2024-10-17,Monitor,Nordeste,2,846.17
2026,2024-04-03,Webcam,Nordeste,3,197.39
2027,2024-08-13,Monitor,Sul,1,966.31
2028,2024-02-10,Mouse,Centro-Oeste,1,78.04
2029,2024-02-02,Teclado,Centro-Oeste,1,152.57
2030,2024-09-05,Monitor,Norte,1,820.99
2031,2024-12-06,Notebook,Sul,1,3217.79
2032,2024-01-04,Headset,Sudeste,5,220.88
2033,2024-09-05,Teclado,Sudeste,3,153.13
2034,2024-07-08,Teclado,Centro-Oeste,3,159.51
2035,2024-12-06,Teclado,Sudeste,4,153.32
2036,2024-06-18,Teclado,Norte,1,148.71
2037,2024-07-24,Webcam,Nordeste,1,183.67
2038,2024-05-23,Headset,Nordeste,3,217.88
2039,2024-12-03,Webcam,Sudeste,5,176.87
2040,2024-01-02,Mouse,Centro-Oeste,1,82.14
2041,2024-06-15,Notebook,Sudeste,2,3574.73
2042,2024-11-09,Monitor,Norte,3,887.02
2043,2024-12-03,Monitor,Norte,4,862.9
2044,2024-12-30,Mouse,Nordeste,5,86.02
2045,2024-09-15,Webcam,Norte,2,179.93
2046,2024-06-03,Notebook,Sul,4,3267.64
2047,2024-02-29,Monitor,Sudeste,5,853.36
2048,2024-03-28,Mouse,Norte,1,78.96
2049,2024-01-15,Webcam,Nordeste,3,194.5
2050,2024-04-22,Teclado,Centro-Oeste,4,163.55
2051,2024-03-04,Webcam,Nordeste,5,184.81
2052,2024-02-16,Monitor,Centro-Oeste,2,977.72
2053,2024-02-03,Headset,Centro-Oeste,4,238.05
2054,2024-07-14,Webcam,Sul,4,191.1
2055,2024-05-12,Mouse,Norte,3,73.4
2056,2024-06-23,Notebook,Sul,2,3671.23
2057,2024-10-20,Notebook,Centro-Oeste,2,3747.33
2058,2024-10-22,Monitor,Norte,3,821.14
2059,2024-04-07,Headset,Sudeste,4,212.06
2060,2024-12-13,Teclado,Nordeste,5,154.91
2061,2024-04-23,Headset,Norte,4,198.4
2062,2024-06-10,Monitor,Nordeste,3,960.7
2063,2024-12-14,Monitor,Sudeste,2,918.26
2064,2024-12-06,Mouse,Norte,5,77.12
2065,2024-12-18,Headset,Norte,3,241.86
2066,2024-10-20,Webcam,Sudeste,2,179.82
2067,2024-07-11,Webcam,Norte,3,167.5
2068,2024-04-17,Webcam,Nordeste,1,195.23
2069,2024-09-06,Mouse,Sudeste,3,87.75
2070,2024-03-22,Webcam,Norte,5,176.12
2071,2024-12-13,Monitor,Sudeste,3,946.39
2072,2024-02-06,Monitor,Sul,3,860.83
2073,2024-12-24,Mouse,Sul,4,73.56
2074,2024-10-24,Teclado,Norte,3,148.73
2075,2024-10-22,Mouse,Nordeste,4,83.14
2076,2024-03-15,Teclado,Nordeste,2,159.13
2077,2024-11-29,Mouse,Norte,3,83.62
2078,2024-02-22,Headset,Nordeste,4,239.82
2079,2024-12-13,Monitor,Nordeste,1,827.29
2080,2024-04-01,Monitor,Norte,1,986.45
2081,2024-06-22,Webcam,Sul,4,196.91
2082,2024-07-25,Webcam,Nordeste,1,166.28
2083,2024-09-07,Monitor,Centro-Oeste,5,981.82
2084,2024-07-11,Webcam,Norte,4,193.14
2085,2024-07-14,Webcam,Centro-Oeste,4,175.22
2086,2024-02-29,Notebook,Norte,1,3492.45
2087,2024-09-17,Webcam,Nordeste,1,183.13
2088,2024-09-02,Headset,Centro-Oeste,1,232.95
2089,2024-07-15,Mouse,Sudeste,4,76.77
2090,2024-02-20,Mouse,Centro-Oeste,1,83.42
2091,2024-04-04,Headset,Sudeste,1,215.33
2092,2024-09-28,Headset,Sudeste,1,220.83
2093,2024-10-02,Headset,Norte,2,240.49
2094,2024-04-02,Notebook,Sul,2,3153.73
2095,2024-06-09,Monitor,Norte,1,833.19
2096,2024-11-30,Mouse,Nordeste,1,81.0
2097,2024-02-13,Notebook,Norte,5,3359.0
2098,2024-03-28,Headset,Sudeste,1,208.93
2099,2024-09-22,Notebook,Centro-Oeste,5,3461.44
2100,2024-09-08,Headset,Centro-Oeste,5,238.07
2101,2024-11-06,Teclado,Sul,5,141.3
2102,2024-12-05,Notebook,Norte,2,3175.71
2103,2024-06-02,Mouse,Nordeste,2,81.63
2104,2024-10-29,Mouse,Centro-Oeste,3,74.06
2105,2024-08-04,Headset,Norte,5,209.22
2106,2024-11-28,Monitor,Nordeste,4,892.09
2107,2024-12-12,Teclado,Sudeste,2,151.08
2108,2024-11-18,Notebook,Centro-Oeste,2,3650.11
2109,2024-12-02,Headset,Sul,5,205.22
2110,2024-06-10,Mouse,Sudeste,4,72.41
2111,2024-05-06,Headset,Norte,3,203.48
2112,2024-12-16,Notebook,Sul,4,3196.17
2113,2024-02-15,Webcam,Centro-Oeste,3,190.01
2114,2024-04-25,Mouse,Centro-Oeste,1,73.57
2115,2024-07-12,Mouse,Norte,1,74.81
2116,2024-06-05,Webcam,Sul,4,165.44
2117,2024-12-24,Teclado,Sul,3,151.55
2118,2024-02-20,Headset,Norte,2,211.99
2119,2024-04-02,Monitor,Centro-Oeste,5,909.3
2120,2024-09-01,Monitor,Sul,2,856.63
2121,2024-09-19,Webcam,Nordeste,2,167.14
2122,2024-05-16,Headset,Norte,3,229.13
2123,2024-12-13,Mouse,Sul,4,83.31
2124,2024-08-12,Mouse,Centro-Oeste,4,80.04
2125,2024-08-07,Teclado,Sul,2,144.16
2126,2024-06-05,Notebook,Sudeste,3,3741.67
2127,2024-02-10,Webcam,Norte,2,196.02
2128,2024-10-21,Mouse,Norte,1,83.89
2129,2024-09-09,Headset,Norte,4,227.79
2130,2024-03-10,Webcam,Sudeste,4,180.54
2131,2024-09-29,Webcam,Norte,4,162.5
2132,2024-01-04,Mouse,Sudeste,5,83.99
2133,2024-12-04,Mouse,Sul,5,72.68
2134,2024-03-27,Monitor,Sul,2,841.47
2135,2024-03-09,Teclado,Sul,3,163.57
2136,2024-09-10,Monitor,Sudeste,2,877.19
2137,2024-06-22,Notebook,Nordeste,5,3745.54
2138,2024-05-28,Notebook,Centro-Oeste,4,3355.48
2139,2024-01-02,Mouse,Sul,4,75.48
2140,2024-11-25,Teclado,Sul,1,163.06
2141,2024-09-06,Headset,Norte,3,198.26
2142,2024-06-17,Monitor,Centro-Oeste,3,829.29
2143,2024-04-05,Teclado,Sudeste,3,135.27
2144,2024-09-08,Monitor,Nordeste,1,905.24
2145,2024-07-29,Mouse,Norte,4,72.11
2146,2024-05-08,Webcam,Nordeste,4,176.23
2147,2024-07-05,Teclado,Sudeste,2,151.09
2148,2024-02-25,Teclado,Sudeste,4,139.86
2149,2024-08-10,Teclado,Norte,3,161.51
2150,2024-04-11,Webcam,Norte,2,172.26
2151,2024-07-21,Mouse,Sudeste,3,86.42
2152,2024-12-07,Mouse,Nordeste,4,87.36
2153,2024-03-01,Teclado,Sudeste,4,151.5
2154,2024-03-06,Webcam,Centro-Oeste,4,180.07
2155,2024-07-18,Webcam,Nordeste,1,196.48
2156,2024-03-05,Notebook,Nordeste,3,3500.0
2157,2024-05-01,Webcam,Norte,3,177.47
2158,2024-01-05,Headset,Sudeste,4,210.74
2159,2024-02-12,Monitor,Sudeste,2,921.17
2160,2024-09-18,Webcam,Nordeste,2,172.12
2161,2024-05-14,Notebook,Nordeste,4,3288.89
2162,2024-02-22,Webcam,Sul,5,168.52
2163,2024-11-18,Headset,Nordeste,2,203.3
2164,2024-01-20,Monitor,Centro-Oeste,2,977.24
2165,2024-01-10,Monitor,Sul,2,826.37
2166,2024-07-13,Notebook,Sudeste,5,3364.51
2167,2024-04-28,Webcam,Nordeste,3,177.34
2168,2024-09-18,Notebook,Sudeste,1,3363.0
2169,2024-07-05,Teclado,Centro-Oeste,3,156.35
2170,2024-06-12,Mouse,Norte,2,72.65
2171,2024-12-04,Notebook,Centro-Oeste,2,3349.72
2172,2024-11-06,Teclado,Norte,4,140.55
2173,2024-07-05,Monitor,Centro-Oeste,3,830.08
2174,2024-01-07,Webcam,Sul,2,173.92
2175,2024-07-04,Webcam,Sul,5,183.77
2176,2024-11-28,Mouse,Centro-Oeste,2,81.35
2177,2024-02-24,Notebook,Nordeste,5,3234.25
2178,2024-12-01,Headset,Nordeste,2,229.01
2179,2024-02-08,Notebook,Sul,5,3390.03
2180,2024-08-30,Webcam,Nordeste,5,187.95
2181,2024-03-06,Notebook,Nordeste,4,3535.35
2182,2024-10-13,Teclado,Centro-Oeste,3,148.45
2183,2024-03-01,Webcam,Sudeste,1,179.38
2184,2024-09-14,Headset,Norte,2,224.36
2185,2024-03-07,Webcam,Centro-Oeste,1,196.41
2186,2024-12-21,Notebook,Nordeste,4,3496.52
2187,2024-09-19,Headset,Norte,2,217.26
2188,2024-07-15,Headset,Sul,4,215.64
2189,2024-04-15,Teclado,Nordeste,1,139.8
2190,2024-10-30,Mouse,Norte,5,79.29
2191,2024-09-25,Webcam,Centro-Oeste,3,192.69
2192,2024-12-28,Teclado,Centro-Oeste,5,138.57
2193,2024-01-24,Mouse,Sul,2,76.67
2194,2024-03-16,Webcam,Centro-Oeste,2,171.74
2195,2024-11-24,Notebook,Nordeste,2,3524.22
2196,2024-11-28,Notebook,Centro-Oeste,5,3830.55
2197,2024-02-12,Teclado,Sul,3,156.66
2198,2024-11-09,Monitor,Centro-Oeste,3,987.35
2199,2024-01-06,Webcam,Centro-Oeste,2,188.3
2200,2024-03-31,Teclado,Centro-Oeste,1,151.12
2201,2024-02-24,Headset,Sudeste,3,236.28
2202,2024-11-05,Webcam,Sul,2,191.41
2203,2024-06-15,Mouse,Centro-Oeste,2,81.31
2204,2024-03-20,Monitor,Sudeste,2,941.37
2205,2024-07-07,Monitor,Nordeste,4,826.86
2206,2024-08-23,Mouse,Nordeste,2,75.02
2207,2024-04-02,Monitor,Centro-Oeste,1,865.83
2208,2024-07-20,Mouse,Sul,2,73.11
2209,2024-08-06,Notebook,Nordeste,4,3786.39
2210,2024-02-21,Monitor,Sul,2,940.82
2211,2024-11-04,Notebook,Norte,4,3418.79
2212,2024-01-07,Notebook,Norte,2,3323.84
2213,2024-05-17,Notebook,Nordeste,5,3159.45
2214,2024-02-24,Notebook,Sul,3,3746.9
2215,2024-04-13,Notebook,Nordeste,4,3681.77
2216,2024-03-24,Monitor,Centro-Oeste,3,896.2
2217,2024-01-29,Mouse,Sul,3,82.04
2218,2024-01-11,Notebook,Norte,1,3531.25
2219,2024-09-18,Notebook,Sudeste,2,3150.85
2220,2024-01-13,Mouse,Nordeste,4,78.17
2221,2024-12-01,Teclado,Centro-Oeste,2,162.65
2222,2024-07-15,Webcam,Norte,4,168.1
2223,2024-04-24,Notebook,Norte,3,3400.12
2224,2024-06-19,Headset,Norte,3,238.63
2225,2024-01-23,Notebook,Sul,2,3274.65
2226,2024-06-20,Headset,Sul,2,227.9
2227,2024-12-07,Mouse,Centro-Oeste,5,85.08
2228,2024-02-23,Teclado,Centro-Oeste,4,154.85
2229,2024-12-30,Teclado,Norte,1,160.85
2230,2024-12-01,Mouse,Nordeste,3,74.36
2231,2024-09-01,Monitor,Norte,1,914.01
2232,2024-05-22,Webcam,Nordeste,1,173.63
2233,2024-04-03,Mouse,Sudeste,3,77.11
2234,2024-09-03,Monitor,Sudeste,5,952.83
2235,2024-03-11,Teclado,Nordeste,4,147.56
2236,2024-10-02,Monitor,Sul,4,905.85
2237,2024-07-15,Mouse,Norte,5,83.44
2238,2024-10-22,Headset,Nordeste,1,208.35
2239,2024-04-14,Notebook,Norte,3,3540.86
2240,2024-02-26,Mouse,Norte,3,77.77
2241,2024-05-30,Mouse,Sudeste,2,85.36
2242,2024-08-03,Headset,Nordeste,2,234.42
2243,2024-03-11,Notebook,Norte,2,3414.22
2244,2024-12-22,Notebook,Sudeste,3,3187.86
2245,2024-12-05,Notebook,Sul,1,3483.78
2246,2024-03-21,Headset,Norte,2,214.07
2247,2024-05-05,Notebook,Norte,1,3548.43
2248,2024-03-17,Monitor,Nordeste,4,943.84
2249,2024-09-27,Webcam,Centro-Oeste,4,176.81
2250,2024-08-15,Teclado,Norte,3,138.34
2251,2024-11-24,Notebook,Norte,5,3675.79
2252,2024-03-23,Headset,Norte,4,234.64
2253,2024-08-20,Webcam,Sul,3,195.09
2254,2024-06-05,Headset,Nordeste,4,238.98
2255,2024-02-17,Teclado,Sul,4,164.34
2256,2024-04-18,Mouse,Sudeste,5,72.9
2257,2024-04-04,Monitor,Sul,5,961.51
2258,2024-08-27,Webcam,Sudeste,3,185.5
2259,2024-07-13,Monitor,Nordeste,1,954.6
2260,2024-08-05,Webcam,Nordeste,3,165.9
2261,2024-07-04,Notebook,Sul,3,3169.63
2262,2024-03-24,Teclado,Sul,1,136.96
2263,2024-01-06,Headset,Centro-Oeste,2,222.27
2264,2024-01-17,Webcam,Nordeste,3,165.06
2265,2024-10-16,Headset,Norte,5,241.41
2266,2024-01-24,Monitor,Norte,3,826.78
2267,2024-01-05,Teclado,Centro-Oeste,3,163.76
2268,2024-04-09,Headset,Centro-Oeste,4,229.93
2269,2024-12-25,Mouse,Norte,3,78.52
2270,2024-09-14,Webcam,Norte,5,191.07
2271,2024-01-13,Mouse,Sul,4,79.63
2272,2024-05-28,Notebook,Nordeste,2,3627.66
2273,2024-11-16,Notebook,Norte,2,3769.08
2274,2024-11-30,Webcam,Nordeste,2,197.76
2275,2024-09-21,Headset,Sul,5,238.93
2276,2024-08-17,Teclado,Nordeste,3,143.73
2277,2024-08-08,Headset,Norte,4,208.52
2278,2024-11-06,Headset,Norte,2,222.94
2279,2024-02-19,Monitor,Norte,2,947.94
2280,2024-10-07,Teclado,Norte,4,137.82
2281,2024-03-27,Teclado,Centro-Oeste,2,137.04
2282,2024-07-05,Headset,Centro-Oeste,1,201.13
2283,2024-08-23,Webcam,Centro-Oeste,4,197.23
2284,2024-11-28,Monitor,Nordeste,1,984.9
2285,2024-01-21,Monitor,Centro-Oeste,3,882.17
2286,2024-12-14,Headset,Nordeste,4,214.14
2287,2024-06-09,Headset,Centro-Oeste,1,228.02
2288,2024-08-18,Headset,Centro-Oeste,1,225.31
2289,2024-01-30,Webcam,Nordeste,5,162.29
2290,2024-05-28,Notebook,Sudeste,2,3549.09
2291,2024-04-24,Notebook,Sudeste,4,3618.41
2292,2024-08-26,Teclado,Sudeste,5,162.0
2293,2024-02-25,Monitor,Norte,2,941.72
2294,2024-08-09,Monitor,Nordeste,4,869.17
2295,2024-06-24,Teclado,Sul,4,141.38
2296,2024-08-31,Webcam,Norte,3,178.36
2297,2024-03-20,Headset,Sudeste,2,226.17
2298,2024-10-17,Teclado,Norte,5,158.23
2299,2024-07-04,Notebook,Sudeste,4,3299.39
2300,2024-01-12,Mouse,Sudeste,3,76.03
2301,2024-02-12,Mouse,Nordeste,1,76.38
2302,2024-06-01,Notebook,Sudeste,4,3517.34
2303,2024-05-12,Webcam,Nordeste,1,165.33
2304,2024-06-24,Monitor,Centro-Oeste,2,845.75
2305,2024-09-03,Monitor,Sudeste,5,933.99
2306,2024-12-22,Mouse,Sudeste,3,86.6
2307,2024-07-18,Headset,Norte,5,232.46
2308,2024-04-11,Headset,Norte,5,225.13
2309,2024-12-06,Teclado,Centro-Oeste,1,139.52
2310,2024-03-16,Monitor,Sudeste,3,830.45
2311,2024-07-27,Webcam,Centro-Oeste,5,188.0
2312,2024-03-05,Monitor,Sudeste,5,827.54
2313,2024-04-06,Mouse,Sudeste,5,84.39
2314,2024-07-12,Headset,Nordeste,3,207.23
2315,2024-12-13,Mouse,Sul,1,77.92
2316,2024-01-09,Teclado,Centro-Oeste,3,150.06
2317,2024-12-24,Notebook,Sudeste,4,3439.84
2318,2024-06-29,Teclado,Sul,4,150.7
2319,2024-02-28,Teclado,Nordeste,4,147.85
2320,2024-10-10,Mouse,Sul,2,80.68
2321,2024-05-25,Monitor,Sudeste,3,936.38
2322,2024-02-14,Notebook,Norte,1,3604.74
2323,2024-07-29,Headset,Norte,4,231.0
2324,2024-10-05,Headset,Norte,4,220.15
2325,2024-12-07,Notebook,Centro-Oeste,4,3298.31
2326,2024-10-09,Monitor,Sudeste,1,845.2
2327,2024-03-04,Monitor,Centro-Oeste,4,884.33
2328,2024-12-26,Webcam,Sudeste,1,195.83
2329,2024-09-16,Mouse,Centro-Oeste,3,86.07
2330,2024-06-06,Teclado,Sudeste,2,135.12
2331,2024-01-17,Monitor,Norte,1,837.61
2332,2024-09-22,Teclado,Sul,3,145.05
2333,2024-08-08,Headset,Nordeste,5,240.83
2334,2024-11-11,Mouse,Sudeste,1,84.82
2335,2024-08-07,Headset,Nordeste,4,241.0
2336,2024-07-25,Mouse,Centro-Oeste,5,74.54
2337,2024-02-20,Mouse,Nordeste,5,73.89
2338,2024-07-19,Headset,Centro-Oeste,5,205.0
2339,2024-04-14,Teclado,Norte,1,135.77
2340,2024-11-17,Notebook,Sul,2,3169.47
2341,2024-10-05,Webcam,Norte,5,175.77
2342,2024-03-07,Webcam,Sudeste,3,168.72
2343,2024-04-23,Webcam,Centro-Oeste,2,181.28
2344,2024-07-12,Mouse,Centro-Oeste,1,76.4
2345,2024-11-17,Mouse,Norte,5,85.87
2346,2024-08-23,Notebook,Sul,1,3224.95
2347,2024-05-14,Teclado,Nordeste,1,137.32
2348,2024-04-16,Teclado,Sudeste,1,149.73
2349,2024-07-30,Notebook,Norte,4,3821.45
2350,2024-04-17,Notebook,Sudeste,4,3772.8
2351,2024-08-18,Webcam,Nordeste,2,172.76
2352,2024-12-03,Mouse,Sul,5,85.68
2353,2024-06-24,Notebook,Centro-Oeste,4,3846.44
2354,2024-10-06,Headset,Norte,2,220.96
2355,2024-03-03,Teclado,Nordeste,5,135.89
2356,2024-09-22,Notebook,Sul,2,3301.41
2357,2024-02-28,Teclado,Nordeste,1,144.83
2358,2024-02-12,Mouse,Nordeste,3,76.38
2359,2024-02-17,Mouse,Centro-Oeste,5,82.43
2360,2024-09-10,Monitor,Sudeste,5,980.34
2361,2024-05-08,Mouse,Nordeste,2,82.99
2362,2024-05-23,Webcam,Sudeste,1,183.01
2363,2024-06-08,Headset,Nordeste,2,239.97
2364,2024-08-09,Monitor,Sudeste,4,917.34
2365,2024-06-12,Teclado,Sul,1,153.22
2366,2024-04-12,Monitor,Sul,3,877.31
2367,2024-02-02,Webcam,Sudeste,2,194.02
2368,2024-05-09,Headset,Sul,4,210.91
2369,2024-09-28,Webcam,Centro-Oeste,4,163.08
2370,2024-06-14,Mouse,Sudeste,2,77.72
2371,2024-04-20,Notebook,Centro-Oeste,3,3251.53
2372,2024-03-03,Teclado,Norte,3,155.65
2373,2024-06-17,Webcam,Nordeste,4,182.43
2374,2024-04-29,Teclado,Sul,1,146.57
2375,2024-04-18,Headset,Sul,2,202.53
2376,2024-11-07,Teclado,Norte,5,161.78
2377,2024-12-15,Monitor,Sudeste,3,956.41
2378,2024-04-10,Mouse,Norte,4,79.98
2379,2024-08-03,Teclado,Norte,1,148.58
2380,2024-06-16,Headset,Sul,4,208.4
2381,2024-05-25,Notebook,Norte,5,3841.57
2382,2024-05-25,Monitor,Nordeste,4,816.66
2383,2024-09-27,Headset,Norte,3,226.37
2384,2024-08-28,Notebook,Norte,4,3656.28
2385,2024-06-11,Teclado,Centro-Oeste,4,137.39
2386,2024-09-09,Teclado,Sul,1,146.8
2387,2024-08-20,Webcam,Sudeste,1,192.35
2388,2024-02-22,Headset,Norte,2,200.1
2389,2024-03-12,Notebook,Norte,3,3752.97
2390,2024-08-11,Webcam,Nordeste,2,165.17
2391,2024-07-07,Webcam,Sul,1,195.63
2392,2024-05-12,Notebook,Norte,1,3183.6
2393,2024-02-08,Teclado,Centro-Oeste,3,155.64
2394,2024-05-18,Monitor,Nordeste,2,915.02
2395,2024-03-05,Notebook,Centro-Oeste,2,3677.12
2396,2024-11-22,Monitor,Sudeste,1,903.92
2397,2024-10-22,Mouse,Sudeste,4,87.62
2398,2024-09-04,Teclado,Nordeste,1,142.91
2399,2024-12-30,Teclado,Norte,3,151.76
2400,2024-12-03,Mouse,Nordeste,1,73.2
2401,2024-01-31,Monitor,Nordeste,1,930.69
2402,2024-07-16,Monitor,Nordeste,4,828.82
2403,2024-10-29,Mouse,Sul,5,85.74
2404,2024-12-28,Teclado,Sudeste,2,160.43
2405,2024-03-07,Notebook,Nordeste,3,3419.9
2406,2024-11-13,Monitor,Sul,2,950.4
2407,2024-02-05,Mouse,Centro-Oeste,4,74.63
2408,2024-10-22,Teclado,Norte,2,148.83
2409,2024-02-26,Notebook,Nordeste,1,3775.87
2410,2024-05-16,Mouse,Norte,4,82.59
2411,2024-06-29,Monitor,Centro-Oeste,1,976.85
2412,2024-06-30,Notebook,Sudeste,2,3255.43
2413,2024-08-08,Headset,Sul,3,200.34
2414,2024-07-08,Teclado,Norte,1,154.46
2415,2024-08-04,Webcam,Nordeste,3,168.82
2416,2024-10-31,Mouse,Centro-Oeste,5,81.72
2417,2024-08-09,Headset,Norte,1,226.44
2418,2024-04-22,Notebook,Norte,1,3776.54
2419,2024-05-16,Headset,Nordeste,1,221.41
2420,2024-04-25,Teclado,Sul,4,146.76
2421,2024-04-22,Notebook,Centro-Oeste,4,3293.99
2422,2024-06-26,Mouse,Centro-Oeste,5,76.61
2423,2024-02-18,Notebook,Nordeste,5,3785.45
2424,2024-09-01,Headset,Centro-Oeste,2,205.49
2425,2024-02-05,Webcam,Nordeste,2,173.96
2426,2024-03-13,Monitor,Norte,4,887.03
2427,2024-03-31,Notebook,Centro-Oeste,1,3269.51
2428,2024-10-31,Notebook,Centro-Oeste,4,3558.21
2429,2024-05-06,Monitor,Sudeste,1,818.13
2430,2024-10-17,Notebook,Centro-Oeste,2,3517.69
2431,2024-03-16,Mouse,Norte,1,76.87
2432,2024-06-20,Webcam,Sudeste,4,188.45
2433,2024-05-11,Headset,Sudeste,3,214.03
2434,2024-06-29,Notebook,Centro-Oeste,3,3773.96
2435,2024-11-01,Webcam,Sudeste,1,171.72
2436,2024-11-23,Headset,Norte,2,241.06
2437,2024-12-03,Mouse,Nordeste,3,79.97
2438,2024-10-22,Mouse,Sudeste,3,75.3
2439,2024-04-09,Notebook,Sudeste,1,3825.82
2440,2024-12-13,Webcam,Sul,4,197.54
2441,2024-03-30,Headset,Centro-Oeste,3,237.07
2442,2024-10-28,Monitor,Sudeste,3,865.68
2443,2024-10-23,Notebook,Sul,3,3733.92
2444,2024-08-09,Notebook,Sudeste,5,3827.71
2445,2024-05-27,Teclado,Norte,1,149.97
2446,2024-03-16,Webcam,Sudeste,2,180.83
2447,2024-11-15,Teclado,Sul,2,144.11
2448,2024-02-03,Teclado,Centro-Oeste,1,148.62
2449,2024-05-24,Mouse,Sul,1,72.85
2450,2024-01-03,Teclado,Sudeste,3,154.81
2451,2024-01-26,Notebook,Centro-Oeste,2,3395.15
2452,2024-09-14,Teclado,Sul,2,163.61
2453,2024-05-18,Webcam,Nordeste,2,177.55
2454,2024-05-28,Notebook,Nordeste,1,3481.22
2455,2024-05-07,Teclado,Sudeste,4,146.97
2456,2024-05-13,Notebook,Centro-Oeste,5,3367.52
2457,2024-08-11,Headset,Centro-Oeste,5,204.12
2458,2024-05-08,Mouse,Nordeste,4,80.87
2459,2024-06-05,Teclado,Norte,3,152.0
2460,2024-08-24,Webcam,Sul,2,175.53
2461,2024-02-19,Monitor,Nordeste,5,889.54
2462,2024-09-14,Teclado,Centro-Oeste,4,145.63
2463,2024-08-03,Monitor,Sudeste,4,814.98
2464,2024-01-14,Headset,Sudeste,1,231.26
2465,2024-06-03,Headset,Nordeste,5,220.54
2466,2024-11-13,Mouse,Sul,5,86.04
2467,2024-07-20,Notebook,Nordeste,4,3619.06
2468,2024-09-22,Monitor,Sudeste,1,825.24
2469,2024-11-28,Teclado,Norte,3,152.83
2470,2024-10-16,Teclado,Sudeste,3,160.93
2471,2024-10-26,Notebook,Sul,1,3641.1
2472,2024-03-14,Headset,Sul,4,204.0
2473,2024-11-23,Webcam,Nordeste,3,184.62
2474,2024-01-04,Webcam,Sudeste,5,186.76
2475,2024-02-04,Notebook,Norte,2,3572.65
2476,2024-09-23,Notebook,Norte,2,3293.01
2477,2024-01-13,Monitor,Sul,4,880.33
2478,2024-06-02,Notebook,Sudeste,4,3837.89
2479,2024-10-06,Mouse,Centro-Oeste,5,82.9
2480,2024-11-11,Webcam,Norte,4,167.26
2481,2024-04-04,Notebook,Nordeste,2,3269.54
2482,2024-12-24,Webcam,Sul,2,179.14
2483,2024-05-28,Teclado,Norte,5,149.79
2484,2024-05-20,Webcam,Sudeste,4,187.12
2485,2024-08-25,Notebook,Sudeste,4,3253.72
2486,2024-08-22,Teclado,Norte,5,146.68
2487,2024-06-04,Headset,Norte,5,217.56
2488,2024-03-12,Teclado,Sudeste,4,143.31
2489,2024-07-02,Mouse,Sul,5,75.37
2490,2024-09-25,Webcam,Sudeste,5,164.26
2491,2024-03-18,Webcam,Centro-Oeste,5,174.21
2492,2024-03-12,Webcam,Centro-Oeste,3,195.25
2493,2024-11-26,Notebook,Sudeste,4,3823.79
2494,2024-12-03,Headset,Nordeste,5,229.17
2495,2024-12-03,Headset,Sul,3,203.69
2496,2024-10-28,Teclado,Sul,3,152.53
2497,2024-02-04,Monitor,Norte,1,963.37
2498,2024-04-28,Mouse,Norte,1,79.99
2499,2024-08-31,Webcam,Centro-Oeste,2,197.33
2500,2024-05-01,Webcam,Norte,2,188.21
2501,2024-08-03,Monitor,Norte,1,920.14
2502,2024-01-20,Notebook,Norte,4,3684.35
2503,2024-11-19,Headset,Norte,2,212.13
2504,2024-08-18,Webcam,Sudeste,2,197.6
2505,2024-10-11,Headset,Nordeste,2,209.11
2506,2024-12-13,Monitor,Centro-Oeste,2,846.21
2507,2024-08-10,Mouse,Sul,2,73.38
2508,2024-11-18,Notebook,Norte,2,3173.27
2509,2024-01-03,Mouse,Centro-Oeste,4,81.09
2510,2024-06-23,Notebook,Nordeste,5,3497.32
2511,2024-10-19,Mouse,Sudeste,5,77.63
2512,2024-10-13,Headset,Nordeste,1,217.31
2513,2024-07-11,Webcam,Norte,5,164.81
2514,2024-06-01,Headset,Norte,1,219.94
2515,2024-11-03,Notebook,Sul,3,3165.78
2516,2024-05-08,Teclado,Sudeste,3,137.04
2517,2024-05-27,Mouse,Norte,5,81.21
2518,2024-11-08,Headset,Sul,3,215.57
2519,2024-10-06,Notebook,Norte,5,3479.69
2520,2024-11-30,Teclado,Norte,1,145.14
2521,2024-04-12,Teclado,Centro-Oeste,1,139.18
2522,2024-06-17,Headset,Norte,2,219.72
2523,2024-11-08,Headset,Norte,3,241.17
2524,2024-11-02,Monitor,Sul,1,969.75
2525,2024-03-07,Monitor,Centro-Oeste,1,828.73
2526,2024-09-16,Monitor,Nordeste,3,887.67
2527,2024-04-26,Teclado,Norte,1,135.79
2528,2024-09-30,Mouse,Sul,4,82.91
2529,2024-01-10,Webcam,Sul,4,163.88
2530,2024-12-22,Monitor,Nordeste,4,936.24
2531,2024-03-11,Headset,Norte,4,203.19
2532,2024-07-07,Headset,Centro-Oeste,2,213.1
2533,2024-05-01,Notebook,Nordeste,1,3562.03
2534,2024-07-30,Mouse,Sul,5,72.73
2535,2024-05-07,Notebook,Norte,1,3189.66
2536,2024-04-02,Monitor,Centro-Oeste,1,866.54
2537,2024-12-01,Headset,Nordeste,3,203.71
2538,2024-09-02,Monitor,Norte,1,823.75
2539,2024-04-15,Headset,Sudeste,3,237.5
2540,2024-08-15,Mouse,Centro-Oeste,3,84.48
2541,2024-11-30,Teclado,Nordeste,5,161.79
2542,2024-12-23,Teclado,Sul,5,138.13
2543,2024-07-29,Teclado,Sul,4,143.39
2544,2024-03-11,Mouse,Sul,2,76.88
2545,2024-04-17,Headset,Norte,3,229.9
2546,2024-01-19,Mouse,Nordeste,4,82.4
2547,2024-02-28,Monitor,Norte,4,960.54
2548,2024-05-22,Teclado,Sul,4,144.01
2549,2024-01-31,Notebook,Centro-Oeste,5,3418.76
2550,2024-07-14,Notebook,Sudeste,4,3181.09
2551,2024-07-13,Mouse,Nordeste,4,80.52
2552,2024-06-05,Webcam,Norte,5,189.47
2553,2024-11-07,Notebook,Centro-Oeste,3,3717.17
2554,2024-04-20,Headset,Norte,3,229.93
2555,2024-08-10,Headset,Sudeste,1,233.53
2556,2024-07-17,Headset,Centro-Oeste,5,218.39
2557,2024-10-17,Headset,Sul,3,205.15
2558,2024-08-27,Monitor,Nordeste,2,973.39
2559,2024-12-15,Teclado,Centro-Oeste,1,164.96
2560,2024-05-31,Headset,Centro-Oeste,5,215.36
2561,2024-05-20,Headset,Centro-Oeste,3,227.01
2562,2024-11-07,Webcam,Norte,1,173.05
2563,2024-06-13,Webcam,Centro-Oeste,2,177.98
2564,2024-08-13,Notebook,Norte,4,3175.9
2565,2024-09-02,Teclado,Sul,2,147.26
2566,2024-02-10,Headset,Centro-Oeste,5,222.26
2567,2024-08-13,Notebook,Nordeste,3,3686.18
2568,2024-05-12,Teclado,Sudeste,2,141.82
2569,2024-03-16,Mouse,Sul,1,75.72
2570,2024-01-20,Webcam,Nordeste,5,192.98
2571,2024-06-11,Headset,Norte,5,229.56
2572,2024-05-12,Notebook,Centro-Oeste,1,3624.87
2573,2024-10-03,Teclado,Norte,5,142.04
2574,2024-02-09,Notebook,Sul,4,3229.23
2575,2024-05-01,Notebook,Nordeste,3,3549.26
2576,2024-07-31,Webcam,Norte,4,193.53
2577,2024-01-13,Mouse,Centro-Oeste,5,84.61
2578,2024-07-27,Teclado,Centro-Oeste,4,163.27
2579,2024-11-14,Teclado,Norte,2,146.05
2580,2024-03-17,Teclado,Sul,1,138.19
2581,2024-06-09,Mouse,Sul,5,84.54
2582,2024-06-25,Webcam,Nordeste,4,191.91
2583,2024-12-02,Notebook,Nordeste,4,3683.83
2584,2024-02-10,Webcam,Norte,2,182.35
2585,2024-11-18,Headset,Sul,4,221.71
2586,2024-09-27,Notebook,Norte,5,3480.63
2587,2024-09-23,Headset,Sudeste,3,209.84
2588,2024-05-30,Headset,Nordeste,3,208.7
2589,2024-04-28,Teclado,Sudeste,3,157.45
2590,2024-12-20,Notebook,Nordeste,4,3662.96
2591,2024-07-04,Monitor,Norte,3,910.88
2592,2024-07-04,Notebook,Sudeste,5,3311.24
2593,2024-04-27,Monitor,Sul,2,976.63
2594,2024-07-27,Mouse,Sul,2,81.69
2595,2024-06-23,Teclado,Centro-Oeste,1,137.45
2596,2024-09-15,Monitor,Nordeste,5,898.96
2597,2024-04-02,Mouse,Sudeste,1,74.67
2598,2024-05-14,Monitor,Sul,4,943.71
2599,2024-01-18,Mouse,Sudeste,1,83.04
2600,2024-03-08,Notebook,Sul,5,3793.04
2601,2024-06-30,Monitor,Nordeste,4,935.45
2602,2024-12-30,Mouse,Centro-Oeste,1,77.39
2603,2024-10-29,Teclado,Sul,5,138.23
2604,2024-01-24,Webcam,Norte,3,196.2
2605,2024-11-18,Monitor,Sudeste,4,862.07
2606,2024-12-24,Monitor,Nordeste,2,940.27
2607,2024-09-17,Headset,Norte,2,237.41
2608,2024-10-30,Headset,Centro-Oeste,4,214.69
2609,2024-03-31,Monitor,Sul,5,860.27
2610,2024-04-28,Notebook,Centro-Oeste,4,3388.78
2611,2024-09-22,Headset,Sul,5,220.36
2612,2024-05-26,Monitor,Centro-Oeste,4,867.34
2613,2024-03-14,Mouse,Norte,2,78.89
2614,2024-10-21,Teclado,Sul,3,137.98
2615,2024-03-25,Teclado,Norte,3,143.22
2616,2024-04-24,Monitor,Nordeste,3,979.06
2617,2024-11-06,Teclado,Norte,2,154.99
2618,2024-02-19,Mouse,Nordeste,5,85.42
2619,2024-01-15,Mouse,Sul,1,87.36
2620,2024-10-02,Headset,Nordeste,1,219.49
2621,2024-07-08,Notebook,Nordeste,3,3809.26
2622,2024-08-06,Headset,Sudeste,5,203.55
2623,2024-05-31,Monitor,Norte,1,889.99
2624,2024-09-09,Monitor,Centro-Oeste,1,965.61
2625,2024-12-08,Teclado,Norte,3,159.11
2626,2024-04-23,Webcam,Norte,3,167.64
2627,2024-05-21,Teclado,Sudeste,5,155.16
2628,2024-12-27,Notebook,Centro-Oeste,1,3453.36
2629,2024-09-23,Webcam,Centro-Oeste,2,192.29
2630,2024-11-16,Webcam,Norte,1,170.85
2631,2024-07-11,Headset,Nordeste,2,209.67
2632,2024-09-05,Mouse,Nordeste,4,76.52
2633,2024-11-21,Mouse,Norte,5,85.71
2634,2024-04-19,Webcam,Norte,4,164.42
2635,2024-11-08,Headset,Nordeste,2,199.71
2636,2024-05-14,Webcam,Sul,4,184.72
2637,2024-11-22,Mouse,Centro-Oeste,4,80.49
2638,2024-06-02,Mouse,Nordeste,3,82.69
2639,2024-11-18,Monitor,Sudeste,5,874.28
2640,2024-05-31,Monitor,Norte,2,830.23
2641,2024-08-02,Teclado,Sudeste,3,142.42
2642,2024-02-29,Monitor,Nordeste,4,982.14
2643,2024-02-28,Webcam,Centro-Oeste,4,187.37
2644,2024-09-07,Monitor,Sul,4,933.7
2645,2024-05-28,Notebook,Centro-Oeste,5,3300.57
2646,2024-02-01,Monitor,Sul,3,857.09
2647,2024-07-29,Teclado,Sudeste,4,147.76
2648,2024-01-28,Teclado,Centro-Oeste,4,156.85
2649,2024-11-21,Teclado,Norte,3,148.43
2650,2024-10-20,Mouse,Nordeste,5,75.3
2651,2024-02-26,Webcam,Sul,5,173.87
2652,2024-10-03,Headset,Norte,1,233.31
2653,2024-12-26,Notebook,Centro-Oeste,3,3686.79
2654,2024-02-02,Headset,Norte,5,207.26
2655,2024-04-11,Headset,Nordeste,5,215.4
2656,2024-04-27,Webcam,Centro-Oeste,2,194.78
2657,2024-07-30,Teclado,Nordeste,5,157.0
2658,2024-01-19,Notebook,Norte,5,3221.76
2659,2024-09-05,Monitor,Norte,2,860.96
2660,2024-04-27,Notebook,Nordeste,1,3340.72
2661,2024-07-12,Notebook,Sudeste,2,3722.81
2662,2024-02-13,Teclado,Norte,1,150.14
2663,2024-07-31,Webcam,Norte,1,188.74
2664,2024-11-05,Headset,Nordeste,1,230.38
2665,2024-04-09,Monitor,Sul,3,951.26
2666,2024-09-19,Monitor,Norte,3,859.33
2667,2024-02-21,Mouse,Centro-Oeste,5,79.54
2668,2024-08-07,Teclado,Norte,2,164.01
2669,2024-05-22,Headset,Sudeste,3,237.94
2670,2024-09-16,Headset,Nordeste,4,198.76
2671,2024-07-20,Monitor,Centro-Oeste,5,938.62
2672,2024-04-24,Monitor,Sul,1,881.52
2673,2024-08-16,Mouse,Centro-Oeste,4,81.01
2674,2024-06-08,Webcam,Centro-Oeste,2,191.15
2675,2024-02-18,Notebook,Sul,2,3295.38
2676,2024-10-30,Monitor,Nordeste,1,835.44
2677,2024-08-30,Headset,Sul,5,231.47
2678,2024-09-09,Notebook,Centro-Oeste,4,3368.02
2679,2024-03-18,Teclado,Norte,3,155.67
2680,2024-07-27,Headset,Norte,3,228.38
2681,2024-09-07,Headset,Sul,4,211.77
2682,2024-04-30,Webcam,Centro-Oeste,4,187.52
2683,2024-10-11,Headset,Norte,1,216.73
2684,2024-07-11,Notebook,Nordeste,1,3263.47
2685,2024-03-03,Webcam,Nordeste,2,177.75
2686,2024-01-20,Notebook,Sudeste,4,3269.51
2687,2024-09-06,Headset,Nordeste,5,216.4
2688,2024-05-31,Notebook,Norte,4,3847.02
2689,2024-12-12,Webcam,Centro-Oeste,5,173.61
2690,2024-10-15,Teclado,Nordeste,2,143.71
2691,2024-04-14,Webcam,Sul,3,180.7
2692,2024-08-29,Teclado,Sudeste,2,163.09
2693,2024-03-10,Webcam,Nordeste,5,187.74
2694,2024-01-06,Monitor,Centro-Oeste,4,842.26
2695,2024-02-04,Monitor,Norte,3,936.26
2696,2024-12-21,Mouse,Norte,5,79.34
2697,2024-02-01,Notebook,Sul,4,3566.12
2698,2024-06-28,Notebook,Sul,2,3391.47
2699,2024-04-08,Notebook,Centro-Oeste,3,3724.53
2700,2024-10-26,Monitor,Centro-Oeste,3,922.41
2701,2024-05-10,Monitor,Sul,5,925.49
2702,2024-02-09,Mouse,Sul,2,73.65
2703,2024-05-23,Mouse,Nordeste,3,81.02
2704,2024-09-24,Mouse,Sul,4,77.28
2705,2024-11-05,Headset,Centro-Oeste,5,227.41
2706,2024-04-17,Monitor,Nordeste,1,951.01
2707,2024-02-16,Mouse,Sul,2,74.29
2708,2024-01-01,Monitor,Centro-Oeste,1,971.27
2709,2024-03-11,Notebook,Sul,4,3447.78
2710,2024-06-16,Monitor,Centro-Oeste,5,946.8
2711,2024-10-13,Mouse,Sudeste,4,84.38
2712,2024-08-30,Webcam,Centro-Oeste,3,192.19
2713,2024-09-28,Teclado,Norte,5,160.27
2714,2024-11-20,Mouse,Centro-Oeste,2,85.44
2715,2024-08-14,Headset,Sudeste,3,228.16
2716,2024-08-10,Headset,Centro-Oeste,2,199.11
2717,2024-08-26,Teclado,Centro-Oeste,4,141.41
2718,2024-04-07,Headset,Sudeste,3,205.88
2719,2024-01-06,Webcam,Nordeste,4,175.0
2720,2024-01-03,Mouse,Sul,3,77.26
2721,2024-05-09,Teclado,Sul,1,153.2
2722,2024-11-27,Notebook,Centro-Oeste,4,3428.81
2723,2024-12-26,Webcam,Centro-Oeste,3,184.51
2724,2024-01-16,Headset,Sudeste,5,225.82
2725,2024-03-29,Monitor,Sudeste,5,955.34
2726,2024-07-08,Notebook,Norte,5,3775.99
2727,2024-12-27,Mouse,Nordeste,2,73.33
2728,2024-01-29,Notebook,Sudeste,1,3369.97
2729,2024-05-22,Headset,Nordeste,5,230.45
2730,2024-12-10,Teclado,Centro-Oeste,2,162.17
2731,2024-07-06,Headset,Sul,1,239.38
2732,2024-08-01,Monitor,Norte,1,844.73
2733,2024-03-16,Headset,Centro-Oeste,1,205.59
2734,2024-05-21,Notebook,Sul,2,3632.1
2735,2024-03-29,Monitor,Norte,3,859.28
2736,2024-03-01,Teclado,Centro-Oeste,4,152.05
2737,2024-02-14,Webcam,Sul,4,165.17
2738,2024-04-03,Notebook,Norte,2,3372.25
2739,2024-01-11,Webcam,Nordeste,1,169.83
2740,2024-08-23,Teclado,Norte,2,144.23
2741,2024-11-24,Webcam,Nordeste,2,173.18
2742,2024-12-27,Monitor,Centro-Oeste,2,860.21
2743,2024-06-10,Headset,Sudeste,2,234.75
2744,2024-04-12,Teclado,Nordeste,3,142.78
2745,2024-05-15,Monitor,Norte,4,873.93
2746,2024-06-27,Teclado,Sul,4,159.89
2747,2024-03-28,Webcam,Norte,5,175.88
2748,2024-10-18,Headset,Nordeste,4,213.26
2749,2024-05-27,Webcam,Nordeste,3,187.19
2750,2024-10-09,Headset,Centro-Oeste,1,220.58
2751,2024-05-12,Mouse,Nordeste,4,76.17
2752,2024-09-21,Notebook,Nordeste,4,3247.87
2753,2024-06-14,Headset,Centro-Oeste,5,214.63
2754,2024-01-18,Headset,Centro-Oeste,1,225.7
2755,2024-03-22,Notebook,Sudeste,4,3384.3
2756,2024-02-21,Webcam,Nordeste,3,173.03
2757,2024-10-06,Monitor,Nordeste,1,889.02
2758,2024-08-21,Headset,Sul,5,228.56
2759,2024-07-23,Webcam,Sudeste,2,171.09
2760,2024-11-03,Teclado,Centro-Oeste,4,155.36
2761,2024-01-21,Teclado,Nordeste,5,138.24
2762,2024-05-17,Monitor,Sul,4,916.75
2763,2024-09-19,Mouse,Nordeste,3,86.19
2764,2024-09-25,Webcam,Nordeste,5,189.07
2765,2024-12-05,Mouse,Centro-Oeste,1,87.53
2766,2024-03-13,Teclado,Centro-Oeste,4,146.88
2767,2024-01-01,Monitor,Nordeste,2,968.93
2768,2024-06-06,Teclado,Norte,2,142.09
2769,2024-08-11,Mouse,Norte,2,74.47
2770,2024-07-10,Headset,Norte,4,205.01
2771,2024-08-29,Notebook,Sul,4,3639.15
2772,2024-12-08,Monitor,Sudeste,4,937.12
2773,2024-07-17,Notebook,Nordeste,3,3684.13
2774,2024-07-23,Mouse,Centro-Oeste,3,85.12
2775,2024-08-05,Webcam,Sul,4,181.23
2776,2024-09-07,Teclado,Sul,1,141.65
2777,2024-04-01,Headset,Nordeste,3,213.94
2778,2024-01-01,Headset,Sul,5,231.07
2779,2024-11-26,Notebook,Nordeste,2,3499.96
2780,2024-04-18,Notebook,Centro-Oeste,4,3215.0
2781,2024-11-30,Monitor,Nordeste,4,837.13
2782,2024-07-17,Teclado,Sudeste,1,142.83
2783,2024-04-01,Monitor,Nordeste,4,932.82
2784,2024-08-26,Notebook,Norte,3,3630.25
2785,2024-12-01,Notebook,Sudeste,1,3262.62
2786,2024-10-21,Mouse,Sul,4,82.98
2787,2024-09-05,Notebook,Sudeste,4,3689.95
2788,2024-08-05,Teclado,Centro-Oeste,1,153.11
2789,2024-09-14,Monitor,Centro-Oeste,4,938.16
2790,2024-07-05,Headset,Norte,2,241.15
2791,2024-07-15,Headset,Norte,2,198.31
2792,2024-10-29,Webcam,Centro-Oeste,2,180.54
2793,2024-08-20,Headset,Sudeste,1,218.45
2794,2024-03-03,Notebook,Sudeste,4,3406.97
2795,2024-12-17,Headset,Centro-Oeste,3,216.73
2796,2024-05-31,Webcam,Norte,5,171.62
2797,2024-07-01,Teclado,Sudeste,1,148.4
2798,2024-11-21,Teclado,Norte,5,138.35
2799,2024-01-19,Webcam,Sul,4,170.95
2800,2024-09-30,Notebook,Norte,2,3658.75
2801,2024-09-09,Webcam,Sudeste,3,174.43
2802,2024-12-18,Monitor,Sul,2,975.38
2803,2024-09-25,Webcam,Sul,4,163.46
2804,2024-07-09,Teclado,Norte,2,153.28
2805,2024-11-22,Webcam,Norte,4,180.45
2806,2024-02-10,Webcam,Centro-Oeste,3,177.21
2807,2024-04-04,Notebook,Centro-Oeste,1,3735.8
2808,2024-02-29,Monitor,Nordeste,5,856.98
2809,2024-11-11,Teclado,Sul,5,160.63
2810,2024-12-21,Mouse,Norte,3,81.17
2811,2024-08-11,Mouse,Centro-Oeste,2,76.43
2812,2024-01-24,Webcam,Sul,4,194.75
2813,2024-05-25,Webcam,Centro-Oeste,1,176.66
2814,2024-07-31,Notebook,Nordeste,3,3336.94
2815,2024-11-21,Headset,Centro-Oeste,1,207.74
2816,2024-12-29,Notebook,Centro-Oeste,2,3194.61
2817,2024-12-30,Teclado,Sul,4,152.64
2818,2024-10-31,Webcam,Centro-Oeste,5,176.01
2819,2024-01-07,Headset,Centro-Oeste,3,212.06
2820,2024-03-18,Monitor,Sudeste,4,847.91
2821,2024-03-28,Webcam,Sudeste,3,176.51
2822,2024-10-19,Webcam,Norte,4,182.21
2823,2024-02-12,Teclado,Nordeste,5,146.08
2824,2024-06-10,Teclado,Sudeste,4,135.89
2825,2024-10-26,Headset,Nordeste,5,213.47
2826,2024-07-31,Monitor,Norte,3,910.16
2827,2024-04-30,Monitor,Sudeste,5,833.71
2828,2024-03-04,Headset,Norte,4,207.61
2829,2024-10-19,Notebook,Centro-Oeste,2,3755.43
2830,2024-07-24,Webcam,Sul,4,174.67
2831,2024-08-02,Mouse,Sul,3,77.11
2832,2024-11-18,Teclado,Norte,3,150.07
2833,2024-07-19,Headset,Nordeste,4,219.77
2834,2024-05-26,Monitor,Sudeste,2,976.3
2835,2024-07-23,Mouse,Centro-Oeste,1,80.52
2836,2024-08-25,Teclado,Nordeste,1,146.5
2837,2024-08-02,Webcam,Sudeste,4,168.8
2838,2024-11-12,Notebook,Nordeste,2,3576.79
2839,2024-02-11,Headset,Sul,5,230.21
2840,2024-06-15,Notebook,Sul,2,3266.52
2841,2024-08-29,Webcam,Norte,3,162.82
2842,2024-11-30,Headset,Sudeste,5,220.5
2843,2024-03-23,Mouse,Sudeste,3,83.57
2844,2024-03-30,Mouse,Sudeste,2,77.16
2845,2024-02-03,Teclado,Norte,2,152.33
2846,2024-05-05,Monitor,Sul,4,988.15
2847,2024-08-24,Mouse,Sul,1,84.86
2848,2024-03-22,Teclado,Nordeste,4,156.66
2849,2024-01-04,Notebook,Norte,4,3756.94
2850,2024-07-16,Monitor,Norte,4,982.36
2851,2024-10-02,Webcam,Norte,5,185.3
2852,2024-01-13,Headset,Sudeste,4,234.42
2853,2024-05-29,Notebook,Sudeste,1,3404.36
2854,2024-09-18,Webcam,Sudeste,4,190.35
2855,2024-03-15,Notebook,Centro-Oeste,5,3677.5
2856,2024-03-27,Notebook,Centro-Oeste,4,3609.58
2857,2024-05-04,Mouse,Sudeste,2,76.23
2858,2024-11-24,Teclado,Norte,4,161.98
2859,2024-05-05,Monitor,Centro-Oeste,3,863.15
2860,2024-06-18,Monitor,Sudeste,3,912.28
2861,2024-01-19,Headset,Nordeste,2,220.96
2862,2024-04-23,Notebook,Centro-Oeste,5,3403.91
2863,2024-06-06,Teclado,Nordeste,5,154.02
2864,2024-08-13,Monitor,Centro-Oeste,2,943.87
2865,2024-03-06,Webcam,Nordeste,5,172.52
2866,2024-05-11,Monitor,Nordeste,1,963.17
2867,2024-06-04,Headset,Nordeste,5,198.53
2868,2024-09-17,Teclado,Sul,4,149.31
2869,2024-06-25,Mouse,Nordeste,5,85.64
2870,2024-09-24,Teclado,Centro-Oeste,4,160.96
2871,2024-11-27,Monitor,Nordeste,5,896.77
2872,2024-07-13,Monitor,Norte,1,871.63
2873,2024-04-15,Teclado,Nordeste,2,143.35
2874,2024-03-02,Webcam,Nordeste,3,179.96
2875,2024-11-22,Headset,Norte,5,237.52
2876,2024-04-13,Webcam,Centro-Oeste,1,176.35
2877,2024-06-17,Notebook,Sul,1,3340.03
2878,2024-10-02,Headset,Norte,1,217.65
2879,2024-05-06,Headset,Nordeste,3,233.08
2880,2024-12-19,Mouse,Nordeste,2,83.03
2881,2024-03-31,Monitor,Norte,5,857.84
2882,2024-02-16,Teclado,Nordeste,1,162.18
2883,2024-09-24,Mouse,Centro-Oeste,1,75.32
2884,2024-10-26,Mouse,Sul,4,79.43
2885,2024-01-27,Headset,Centro-Oeste,1,206.64
2886,2024-08-14,Notebook,Norte,4,3288.18
2887,2024-10-28,Headset,Nordeste,5,219.44
2888,2024-01-05,Headset,Sul,4,235.89
2889,2024-08-14,Notebook,Nordeste,5,3714.04
2890,2024-08-21,Headset,Norte,3,231.2
2891,2024-05-18,Headset,Sudeste,2,212.46
2892,2024-09-20,Monitor,Centro-Oeste,3,857.56
2893,2024-05-07,Headset,Centro-Oeste,3,227.83
2894,2024-06-07,Headset,Sudeste,1,241.0
2895,2024-09-06,Mouse,Norte,3,86.29
2896,2024-08-28,Headset,Sudeste,2,205.87
2897,2024-12-10,Monitor,Centro-Oeste,1,976.55
2898,2024-06-24,Monitor,Sul,2,844.85
2899,2024-04-28,Notebook,Nordeste,3,3501.25
2900,2024-09-28,Teclado,Sudeste,1,155.54
2901,2024-04-17,Headset,Sul,2,212.25
2902,2024-07-21,Mouse,Nordeste,2,81.76
2903,2024-06-15,Mouse,Sul,4,82.46
2904,2024-05-17,Monitor,Nordeste,3,894.96
2905,2024-07-08,Teclado,Nordeste,3,145.01
2906,2024-06-10,Teclado,Sudeste,3,147.76
2907,2024-08-01,Monitor,Norte,4,819.96
2908,2024-06-30,Monitor,Nordeste,4,948.07
2909,2024-12-26,Notebook,Nordeste,2,3613.44
2910,2024-05-30,Teclado,Centro-Oeste,1,144.66
2911,2024-06-15,Monitor,Sul,5,943.02
2912,2024-11-12,Mouse,Sul,4,85.7
2913,2024-02-08,Notebook,Nordeste,2,3377.84
2914,2024-10-30,Monitor,Sudeste,1,950.62
2915,2024-12-18,Monitor,Sudeste,2,860.43
2916,2024-10-27,Headset,Sudeste,1,202.46
2917,2024-06-24,Webcam,Centro-Oeste,5,175.3
2918,2024-02-26,Teclado,Sudeste,2,161.43
2919,2024-06-15,Notebook,Sudeste,2,3761.77
2920,2024-06-02,Headset,Sul,2,222.72
2921,2024-05-05,Monitor,Centro-Oeste,5,908.39
2922,2024-05-13,Webcam,Sul,5,191.42
2923,2024-01-12,Webcam,Nordeste,1,193.35
2924,2024-12-30,Webcam,Centro-Oeste,3,194.58
2925,2024-04-19,Monitor,Nordeste,3,894.3
2926,2024-07-04,Monitor,Centro-Oeste,2,931.98
2927,2024-05-12,Webcam,Centro-Oeste,5,188.92
2928,2024-03-12,Notebook,Norte,4,3449.13
2929,2024-01-25,Monitor,Sul,1,974.34
2930,2024-07-10,Headset,Norte,5,217.24
2931,2024-09-15,Notebook,Centro-Oeste,5,3494.41
2932,2024-06-19,Headset,Norte,1,222.87
2933,2024-02-27,Headset,Sul,2,233.14
2934,2024-10-20,Notebook,Sudeste,5,3605.12
2935,2024-02-07,Mouse,Sudeste,3,79.45
2936,2024-03-18,Webcam,Centro-Oeste,1,168.54
2937,2024-06-22,Headset,Sudeste,5,232.37
2938,2024-08-09,Webcam,Norte,4,182.69
2939,2024-11-15,Notebook,Sudeste,1,3155.98
2940,2024-08-06,Teclado,Nordeste,3,160.67
2941,2024-12-11,Headset,Centro-Oeste,5,218.14
2942,2024-04-12,Webcam,Sul,3,194.16
2943,2024-10-22,Webcam,Nordeste,2,189.83
2944,2024-06-06,Mouse,Nordeste,1,72.42
2945,2024-01-21,Headset,Nordeste,5,213.33
2946,2024-06-16,Notebook,Centro-Oeste,2,3610.72
2947,2024-06-04,Mouse,Nordeste,4,87.86
2948,2024-04-21,Mouse,Centro-Oeste,1,74.2
2949,2024-03-04,Monitor,Sudeste,1,889.91
2950,2024-04-16,Webcam,Sudeste,1,178.09
2951,2024-04-11,Monitor,Nordeste,4,916.24
2952,2024-02-17,Notebook,Nordeste,5,3789.3
2953,2024-09-21,Webcam,Norte,2,189.24
2954,2024-09-07,Notebook,Sul,3,3674.78
2955,2024-07-31,Teclado,Nordeste,2,164.55
2956,2024-07-03,Headset,Sudeste,3,220.38
2957,2024-01-09,Monitor,Norte,4,954.61
2958,2024-02-21,Monitor,Centro-Oeste,3,980.23
2959,2024-08-10,Notebook,Centro-Oeste,2,3849.79
2960,2024-11-29,Notebook,Sudeste,4,3161.1
2961,2024-11-27,Teclado,Centro-Oeste,1,139.22
2962,2024-03-31,Mouse,Sul,1,74.05
2963,2024-03-12,Mouse,Sudeste,1,72.98
2964,2024-12-04,Mouse,Centro-Oeste,3,81.88
2965,2024-08-02,Mouse,Nordeste,2,86.98
2966,2024-12-08,Mouse,Nordeste,3,86.07
2967,2024-03-24,Notebook,Norte,4,3292.85
2968,2024-11-16,Monitor,Centro-Oeste,3,921.94
2969,2024-01-14,Notebook,Centro-Oeste,1,3772.17
2970,2024-03-14,Notebook,Sudeste,1,3527.63
2971,2024-09-25,Headset,Nordeste,2,202.41
2972,2024-04-24,Teclado,Norte,4,164.65
2973,2024-08-31,Notebook,Sudeste,4,3749.3
2974,2024-08-13,Headset,Nordeste,5,233.61
2975,2024-06-08,Notebook,Sudeste,4,3779.68
2976,2024-03-06,Teclado,Centro-Oeste,5,145.97
2977,2024-12-08,Headset,Norte,4,219.68
2978,2024-04-10,Headset,Nordeste,2,220.65
2979,2024-04-25,Mouse,Norte,1,83.48
2980,2024-11-10,Teclado,Norte,2,141.79
2981,2024-12-03,Mouse,Centro-Oeste,3,83.37
2982,2024-12-08,Monitor,Sul,5,903.04
2983,2024-03-08,Teclado,Centro-Oeste,4,146.24
2984,2024-10-23,Mouse,Norte,4,82.11
2985,2024-04-03,Mouse,Norte,2,82.15
2986,2024-03-23,Mouse,Sudeste,3,72.19
2987,2024-09-04,Monitor,Centro-Oeste,2,923.17
2988,2024-07-26,Headset,Sudeste,2,217.94
2989,2024-10-06,Teclado,Sudeste,1,157.35
2990,2024-09-20,Webcam,Centro-Oeste,3,197.88
2991,2024-05-10,Mouse,Centro-Oeste,4,84.35
2992,2024-12-05,Monitor,Norte,3,947.39
2993,2024-02-02,Teclado,Centro-Oeste,4,154.27
2994,2024-03-05,Headset,Norte,2,240.9
2995,2024-03-02,Notebook,Sul,3,3238.41
2996,2024-06-06,Teclado,Sudeste,4,151.6
2997,2024-09-15,Notebook,Nordeste,4,3724.02
2998,2024-04-09,Headset,Nordeste,2,232.14
2999,2024-06-30,Mouse,Sul,5,84.48
3000,2024-09-28,Headset,Sul,1,233.21
3001,2024-10-03,Teclado,Nordeste,5,140.0
3002,2024-02-21,Mouse,Nordeste,5,75.62
3003,2024-03-18,Webcam,Sul,5,177.26
3004,2024-05-22,Mouse,Norte,4,76.74
3005,2024-08-03,Headset,Sudeste,4,212.16
3006,2024-06-02,Webcam,Norte,1,171.05
3007,2024-12-08,Headset,Centro-Oeste,2,238.61
3008,2024-10-31,Headset,Norte,1,231.23
3009,2024-03-14,Mouse,Sudeste,2,84.23
3010,2024-07-19,Mouse,Nordeste,4,78.26
3011,2024-05-07,Mouse,Centro-Oeste,1,75.62
3012,2024-03-12,Teclado,Sudeste,1,156.78
3013,2024-12-10,Headset,Nordeste,2,217.51
3014,2024-05-21,Webcam,Centro-Oeste,1,184.92
3015,2024-06-08,Headset,Sul,1,231.95
3016,2024-08-29,Headset,Nordeste,4,211.15
3017,2024-10-04,Notebook,Sul,4,3257.57
3018,2024-06-23,Webcam,Centro-Oeste,1,175.73
3019,2024-02-27,Teclado,Sudeste,4,152.55
3020,2024-12-20,Webcam,Sudeste,3,170.09
3021,2024-02-15,Notebook,Sul,5,3755.56
3022,2024-12-06,Mouse,Sudeste,4,78.75
3023,2024-02-23,Webcam,Centro-Oeste,3,194.57
3024,2024-09-17,Webcam,Centro-Oeste,4,186.01
3025,2024-07-01,Teclado,Norte,1,138.03
3026,2024-05-04,Monitor,Sul,4,849.85
3027,2024-12-06,Monitor,Centro-Oeste,1,989.51
3028,2024-09-06,Webcam,Sul,5,192.15
3029,2024-11-06,Monitor,Sul,4,817.58
3030,2024-10-29,Notebook,Norte,5,3216.44
3031,2024-07-03,Mouse,Sul,5,78.75
3032,2024-01-21,Monitor,Centro-Oeste,4,963.4
3033,2024-09-24,Headset,Norte,4,233.78
3034,2024-08-09,Webcam,Norte,2,182.41
3035,2024-11-18,Notebook,Centro-Oeste,1,3354.59
3036,2024-01-15,Monitor,Sudeste,3,874.55
3037,2024-06-25,Webcam,Centro-Oeste,2,171.96
3038,2024-06-15,Notebook,Sudeste,3,3688.03
3039,2024-04-17,Mouse,Sul,5,82.37
3040,2024-07-24,Webcam,Centro-Oeste,2,192.41
3041,2024-06-19,Notebook,Centro-Oeste,5,3526.76
3042,2024-06-11,Mouse,Centro-Oeste,1,86.63
3043,2024-11-23,Notebook,Sudeste,3,3585.26
3044,2024-04-05,Webcam,Sudeste,2,171.53
3045,2024-09-05,Webcam,Centro-Oeste,3,191.01
3046,2024-03-22,Teclado,Nordeste,3,135.48
3047,2024-10-24,Mouse,Centro-Oeste,5,83.2
3048,2024-05-31,Headset,Sul,5,205.83
3049,2024-12-22,Headset,Norte,2,202.11
3050,2024-11-02,Webcam,Sudeste,3,167.25
3051,2024-09-29,Teclado,Centro-Oeste,4,138.99
3052,2024-02-23,Monitor,Centro-Oeste,5,912.62
3053,2024-06-14,Notebook,Nordeste,4,3728.29
3054,2024-10-07,Mouse,Nordeste,3,72.42
3055,2024-12-21,Mouse,Nordeste,2,86.0
3056,2024-11-27,Monitor,Nordeste,2,812.24
3057,2024-01-11,Mouse,Sul,4,85.41
3058,2024-10-11,Monitor,Sul,5,844.6
3059,2024-09-22,Mouse,Sul,4,82.04
3060,2024-05-13,Monitor,Centro-Oeste,3,887.64
3061,2024-04-30,Teclado,Centro-Oeste,5,145.71
3062,2024-03-09,Webcam,Centro-Oeste,2,190.64
3063,2024-03-06,Headset,Norte,5,229.17
3064,2024-06-09,Headset,Norte,5,208.02
3065,2024-12-25,Teclado,Sul,2,148.96
3066,2024-01-28,Headset,Sudeste,5,217.27
3067,2024-08-11,Headset,Norte,2,198.97
3068,2024-10-13,Monitor,Norte,3,895.79
3069,2024-03-16,Webcam,Norte,3,164.35
3070,2024-05-21,Webcam,Sul,3,196.1
3071,2024-01-15,Webcam,Sul,4,177.51
3072,2024-07-21,Mouse,Nordeste,4,76.96
3073,2024-12-11,Webcam,Centro-Oeste,3,170.37
3074,2024-07-27,Headset,Nordeste,5,241.13
3075,2024-06-10,Headset,Norte,5,200.33
3076,2024-10-27,Teclado,Norte,1,153.42
3077,2024-07-30,Headset,Nordeste,2,208.95
3078,2024-04-01,Headset,Nordeste,1,226.57
3079,2024-03-02,Monitor,Centro-Oeste,1,826.95
3080,2024-10-20,Monitor,Sudeste,4,878.63
3081,2024-03-11,Monitor,Centro-Oeste,2,827.26
3082,2024-03-31,Teclado,Sudeste,3,149.99
3083,2024-05-13,Mouse,Sudeste,2,75.63
3084,2024-11-20,Webcam,Norte,3,178.26
3085,2024-09-25,Notebook,Centro-Oeste,1,3765.51
3086,2024-10-12,Notebook,Norte,3,3216.84
3087,2024-09-27,Notebook,Norte,1,3378.8
3088,2024-01-15,Teclado,Sul,5,146.25
3089,2024-03-29,Notebook,Nordeste,5,3498.74
3090,2024-04-21,Headset,Centro-Oeste,1,236.37
3091,2024-11-03,Mouse,Centro-Oeste,5,74.83
3092,2024-12-27,Monitor,Nordeste,5,836.79
3093,2024-01-16,Monitor,Sul,1,978.35
3094,2024-06-08,Notebook,Centro-Oeste,1,3394.34
3095,2024-10-29,Mouse,Sul,2,86.4
3096,2024-04-08,Monitor,Sul,2,989.52
3097,2024-08-20,Teclado,Sul,4,158.52
3098,2024-12-08,Notebook,Sul,1,3386.84
3099,2024-03-13,Teclado,Nordeste,4,140.65
3100,2024-01-22,Monitor,Centro-Oeste,1,974.99
3101,2024-12-03,Monitor,Sul,1,962.6
3102,2024-12-05,Notebook,Centro-Oeste,5,3544.1
3103,2024-09-29,Webcam,Sul,4,189.25
3104,2024-04-12,Webcam,Centro-Oeste,3,166.88
3105,2024-05-29,Mouse,Sudeste,4,78.96
3106,2024-09-08,Notebook,Norte,4,3223.02
3107,2024-09-04,Headset,Sul,4,211.46
3108,2024-12-16,Teclado,Norte,5,159.94
3109,2024-02-15,Mouse,Centro-Oeste,5,83.97
3110,2024-10-04,Headset,Nordeste,3,230.53
3111,2024-01-15,Headset,Norte,3,214.94
3112,2024-10-02,Teclado,Norte,4,157.16
3113,2024-04-01,Headset,Sul,3,227.97
3114,2024-04-19,Notebook,Norte,4,3814.98
3115,2024-12-30,Mouse,Centro-Oeste,1,83.42
3116,2024-04-15,Monitor,Sul,5,812.81
3117,2024-04-15,Monitor,Norte,3,810.85
3118,2024-12-03,Mouse,Centro-Oeste,2,87.79
3119,2024-07-09,Mouse,Sudeste,1,74.49
3120,2024-05-06,Headset,Sul,3,236.81
3121,2024-12-14,Monitor,Sul,3,846.88
3122,2024-05-19,Webcam,Sudeste,1,176.97
3123,2024-07-12,Monitor,Centro-Oeste,2,957.01
3124,2024-05-09,Monitor,Sul,1,922.78
3125,2024-01-22,Monitor,Sudeste,2,929.33
3126,2024-02-06,Mouse,Norte,1,74.54
3127,2024-02-04,Monitor,Nordeste,5,868.93
3128,2024-05-11,Webcam,Sudeste,3,181.31
3129,2024-10-18,Teclado,Centro-Oeste,1,157.83
3130,2024-04-13,Monitor,Norte,5,962.36
3131,2024-03-06,Mouse,Sul,1,79.5
3132,2024-02-27,Notebook,Nordeste,1,3733.17
3133,2024-02-12,Mouse,Norte,2,78.98
3134,2024-08-12,Teclado,Nordeste,4,152.91
3135,2024-12-05,Notebook,Sul,2,3687.98
3136,2024-06-11,Webcam,Norte,5,162.51
3137,2024-06-23,Mouse,Centro-Oeste,2,77.6
3138,2024-11-25,Mouse,Norte,4,78.08
3139,2024-09-15,Teclado,Norte,2,140.52
3140,2024-06-20,Mouse,Sudeste,1,85.94
3141,2024-05-05,Notebook,Sul,5,3351.46
3142,2024-03-14,Mouse,Sul,3,72.91
3143,2024-02-03,Webcam,Sudeste,5,181.23
3144,2024-03-27,Headset,Centro-Oeste,3,199.69
3145,2024-12-16,Notebook,Nordeste,1,3416.85
3146,2024-01-30,Headset,Sudeste,5,203.26
3147,2024-11-17,Mouse,Norte,5,80.73
3148,2024-11-28,Notebook,Sudeste,5,3601.35
3149,2024-12-17,Teclado,Sul,4,148.49
3150,2024-05-01,Webcam,Sudeste,5,171.0
3151,2024-08-20,Webcam,Sudeste,2,178.35
3152,2024-04-24,Teclado,Nordeste,3,154.11
3153,2024-07-17,Mouse,Centro-Oeste,2,77.89
3154,2024-08-09,Notebook,Centro-Oeste,2,3179.79
3155,2024-12-29,Monitor,Sul,2,987.75
3156,2024-11-16,Mouse,Centro-Oeste,2,87.07
3157,2024-08-01,Monitor,Sudeste,4,889.9
3158,2024-08-25,Monitor,Centro-Oeste,3,868.68
3159,2024-03-09,Monitor,Sul,2,854.28
3160,2024-04-07,Webcam,Sul,2,196.13
3161,2024-12-03,Webcam,Sul,3,194.41
3162,2024-07-28,Headset,Centro-Oeste,3,207.39
3163,2024-08-28,Mouse,Norte,5,82.44
3164,2024-11-15,Teclado,Sudeste,1,140.98
3165,2024-10-09,Teclado,Nordeste,4,163.11
3166,2024-04-02,Monitor,Sudeste,1,934.91
3167,2024-10-17,Monitor,Nordeste,3,987.05
3168,2024-10-15,Webcam,Nordeste,4,182.7
3169,2024-03-18,Mouse,Sudeste,3,79.5
3170,2024-03-07,Webcam,Sudeste,3,183.97
3171,2024-09-28,Headset,Norte,1,232.63
3172,2024-01-11,Notebook,Norte,1,3382.06
3173,2024-06-09,Notebook,Centro-Oeste,2,3670.51
3174,2024-06-06,Mouse,Norte,3,81.97
3175,2024-10-25,Teclado,Sudeste,4,145.16
3176,2024-05-28,Mouse,Centro-Oeste,1,84.84
3177,2024-03-18,Mouse,Nordeste,4,73.9
3178,2024-07-28,Headset,Nordeste,5,222.3
3179,2024-12-24,Monitor,Centro-Oeste,2,985.7
3180,2024-03-16,Webcam,Sudeste,1,189.2
3181,2024-07-14,Mouse,Sudeste,4,79.63
3182,2024-10-27,Notebook,Centro-Oeste,4,3559.42
3183,2024-08-17,Mouse,Norte,4,87.15
3184,2024-06-25,Headset,Centro-Oeste,1,237.01
3185,2024-03-31,Notebook,Nordeste,5,3360.07
3186,2024-03-17,Monitor,Norte,2,983.08
3187,2024-05-29,Teclado,Norte,3,153.08
3188,2024-01-09,Monitor,Sul,5,885.19
3189,2024-07-05,Mouse,Centro-Oeste,2,80.21
3190,2024-01-13,Headset,Sudeste,3,237.86
3191,2024-11-28,Notebook,Nordeste,3,3334.18
3192,2024-06-21,Monitor,Norte,3,945.0
3193,2024-08-22,Webcam,Norte,3,181.85
3194,2024-11-15,Mouse,Norte,5,72.31
3195,2024-04-12,Monitor,Sudeste,4,879.91
3196,2024-12-10,Webcam,Centro-Oeste,4,174.08
3197,2024-08-05,Headset,Sudeste,3,203.82
3198,2024-05-13,Teclado,Sul,2,149.66
3199,2024-02-12,Teclado,Sudeste,1,159.16
3200,2024-09-17,Teclado,Norte,1,159.32
3201,2024-05-04,Notebook,Norte,2,3411.37
3202,2024-10-19,Mouse,Nordeste,1,85.82
3203,2024-01-07,Notebook,Centro-Oeste,5,3199.27
3204,2024-11-16,Headset,Sudeste,3,232.59
3205,2024-11-09,Notebook,Norte,1,3642.9
3206,2024-02-11,Mouse,Nordeste,1,83.49
3207,2024-01-02,Notebook,Sudeste,2,3297.15
3208,2024-02-10,Webcam,Sudeste,3,184.52
3209,2024-08-31,Mouse,Nordeste,4,81.69
3210,2024-08-28,Mouse,Centro-Oeste,5,85.84
3211,2024-08-14,Notebook,Nordeste,5,3154.42
3212,2024-04-11,Mouse,Centro-Oeste,2,86.05
3213,2024-04-06,Headset,Norte,1,206.28
3214,2024-04-26,Teclado,Nordeste,4,154.06
3215,2024-05-31,Headset,Sul,4,220.29
3216,2024-04-21,Teclado,Sudeste,3,159.73
3217,2024-05-03,Webcam,Sul,1,185.57
3218,2024-05-08,Webcam,Centro-Oeste,2,164.33
3219,2024-09-09,Notebook,Centro-Oeste,1,3583.89
3220,2024-02-10,Monitor,Sudeste,1,985.89
3221,2024-02-15,Webcam,Centro-Oeste,5,189.77
3222,2024-12-23,Teclado,Sul,1,152.08
3223,2024-06-12,Webcam,Sudeste,3,188.72
3224,2024-07-08,Monitor,Sudeste,3,947.41
3225,2024-10-06,Teclado,Nordeste,2,152.62
3226,2024-12-19,Notebook,Centro-Oeste,4,3475.46
3227,2024-06-15,Monitor,Sudeste,4,966.36
3228,2024-08-19,Monitor,Nordeste,2,942.81
3229,2024-08-02,Monitor,Norte,2,951.89
3230,2024-11-19,Monitor,Nordeste,4,875.83
3231,2024-12-04,Monitor,Nordeste,2,916.73
3232,2024-04-21,Mouse,Norte,1,78.26
3233,2024-05-18,Mouse,Centro-Oeste,2,72.35
3234,2024-03-22,Monitor,Centro-Oeste,5,859.98
3235,2024-09-06,Mouse,Sul,4,78.93
3236,2024-09-06,Mouse,Norte,3,87.38
3237,2024-06-14,Notebook,Sudeste,5,3352.53
3238,2024-09-22,Mouse,Sudeste,2,78.66
3239,2024-06-06,Notebook,Nordeste,3,3591.32
3240,2024-11-12,Webcam,Sudeste,5,166.39
3241,2024-09-28,Mouse,Centro-Oeste,3,83.6
3242,2024-03-06,Webcam,Centro-Oeste,5,196.94
3243,2024-01-10,Notebook,Sudeste,3,3441.9
3244,2024-06-16,Mouse,Nordeste,3,82.14
3245,2024-05-23,Monitor,Sul,3,913.9
3246,2024-12-23,Teclado,Nordeste,2,163.96
3247,2024-10-20,Webcam,Nordeste,5,183.94
3248,2024-09-07,Mouse,Sul,4,86.25
3249,2024-09-18,Teclado,Norte,4,157.51
3250,2024-06-13,Headset,Norte,5,219.6
3251,2024-05-16,Headset,Norte,4,215.14
3252,2024-05-21,Mouse,Nordeste,3,85.56
3253,2024-08-30,Notebook,Nordeste,2,3593.15
3254,2024-07-01,Teclado,Sul,4,151.86
3255,2024-06-12,Teclado,Sudeste,3,153.14
3256,2024-04-12,Headset,Nordeste,5,224.62
3257,2024-02-01,Teclado,Nordeste,5,158.97
3258,2024-05-07,Teclado,Sudeste,4,156.02
3259,2024-06-01,Notebook,Centro-Oeste,2,3250.84
3260,2024-01-15,Notebook,Sudeste,1,3408.04
3261,2024-08-16,Mouse,Sudeste,5,74.51
3262,2024-06-09,Monitor,Norte,3,892.07
3263,2024-12-27,Mouse,Sul,4,76.56
3264,2024-03-06,Headset,Centro-Oeste,1,203.45
3265,2024-10-09,Teclado,Sudeste,3,139.25
3266,2024-07-11,Webcam,Sul,1,184.64
3267,2024-06-14,Webcam,Sudeste,2,173.76
3268,2024-11-25,Notebook,Centro-Oeste,3,3545.93
3269,2024-01-21,Headset,Sul,1,229.8
3270,2024-03-08,Webcam,Sudeste,1,195.37
3271,2024-03-18,Mouse,Norte,5,74.61
3272,2024-04-30,Webcam,Norte,3,197.0
3273,2024-02-11,Teclado,Sudeste,3,157.53
3274,2024-07-24,Monitor,Sul,1,904.44
3275,2024-07-21,Webcam,Nordeste,5,191.62
3276,2024-08-17,Mouse,Nordeste,1,84.2
3277,2024-04-26,Teclado,Nordeste,1,154.34
3278,2024-01-13,Headset,Norte,2,219.06
3279,2024-04-22,Notebook,Nordeste,2,3818.09
3280,2024-09-13,Mouse,Centro-Oeste,3,78.2
3281,2024-12-09,Webcam,Sudeste,1,180.37
3282,2024-09-09,Teclado,Norte,4,151.5
3283,2024-04-12,Notebook,Sul,1,3296.19
3284,2024-09-08,Headset,Norte,3,228.88
3285,2024-07-07,Headset,Sul,2,215.48
3286,2024-10-01,Mouse,Norte,5,76.5
3287,2024-07-10,Headset,Sul,4,205.03
3288,2024-11-07,Mouse,Centro-Oeste,3,75.13
3289,2024-07-20,Teclado,Norte,3,148.55
3290,2024-11-04,Monitor,Sul,4,846.83
3291,2024-01-22,Notebook,Sudeste,1,3669.97
3292,2024-04-12,Mouse,Sul,3,85.33
3293,2024-04-19,Webcam,Sul,3,174.99
3294,2024-11-27,Notebook,Nordeste,5,3773.14
3295,2024-04-21,Teclado,Sul,1,144.3
3296,2024-04-02,Mouse,Centro-Oeste,2,79.99
3297,2024-07-17,Webcam,Centro-Oeste,4,197.43
3298,2024-03-25,Headset,Sudeste,4,222.68
3299,2024-12-07,Teclado,Nordeste,1,153.49
3300,2024-01-16,Notebook,Sul,1,3750.02
3301,2024-01-01,Teclado,Centro-Oeste,4,146.44
3302,2024-03-22,Headset,Norte,1,214.19
3303,2024-04-07,Webcam,Sudeste,3,164.74
3304,2024-11-30,Monitor,Norte,3,948.68
3305,2024-06-03,Notebook,Nordeste,3,3469.85
3306,2024-03-02,Mouse,Norte,4,74.79
3307,2024-02-14,Notebook,Nordeste,4,3758.85
3308,2024-12-21,Headset,Sul,3,209.88
3309,2024-10-15,Webcam,Sudeste,1,188.33
3310,2024-04-20,Mouse,Norte,4,82.85
3311,2024-01-20,Notebook,Sudeste,4,3731.32
3312,2024-03-30,Monitor,Norte,5,971.53
3313,2024-02-02,Webcam,Centro-Oeste,3,187.88
3314,2024-05-16,Mouse,Norte,3,87.41
3315,2024-04-30,Mouse,Sudeste,1,87.93
3316,2024-10-15,Notebook,Sudeste,5,3816.5
3317,2024-04-28,Monitor,Norte,3,875.53
3318,2024-07-07,Headset,Sudeste,4,221.96
3319,2024-12-03,Teclado,Centro-Oeste,5,151.22
3320,2024-11-23,Teclado,Centro-Oeste,4,140.22
3321,2024-07-09,Monitor,Sudeste,3,948.12
3322,2024-12-10,Mouse,Sudeste,5,78.53
3323,2024-02-14,Monitor,Sul,3,969.26
3324,2024-07-02,Teclado,Sudeste,4,157.61
3325,2024-03-25,Webcam,Norte,3,180.23
3326,2024-03-15,Webcam,Sul,3,181.45
3327,2024-03-22,Webcam,Sul,2,197.18
3328,2024-12-20,Mouse,Sudeste,1,85.18
3329,2024-09-13,Notebook,Sul,1,3513.7
3330,2024-01-03,Headset,Centro-Oeste,5,227.24
3331,2024-04-26,Mouse,Centro-Oeste,4,73.87
3332,2024-07-10,Webcam,Sul,4,180.83
3333,2024-04-22,Monitor,Sul,3,944.97
3334,2024-02-24,Webcam,Nordeste,4,167.61
3335,2024-04-06,Webcam,Norte,5,190.8
3336,2024-03-14,Monitor,Norte,3,853.53
3337,2024-06-04,Monitor,Nordeste,5,924.88
3338,2024-01-13,Mouse,Norte,1,76.73
3339,2024-04-05,Mouse,Norte,1,76.05
3340,2024-08-04,Notebook,Centro-Oeste,4,3157.4
3341,2024-06-02,Headset,Centro-Oeste,4,214.5
3342,2024-08-07,Teclado,Sul,5,162.59
3343,2024-11-10,Webcam,Sul,1,186.45
3344,2024-09-12,Notebook,Centro-Oeste,3,3171.73
3345,2024-08-30,Webcam,Sudeste,5,189.71
3346,2024-12-18,Monitor,Sul,5,968.51
3347,2024-09-08,Webcam,Norte,4,163.39
3348,2024-02-14,Monitor,Sudeste,3,907.87
3349,2024-05-05,Notebook,Norte,4,3415.9
3350,2024-05-03,Teclado,Sul,4,136.03
3351,2024-10-09,Teclado,Sudeste,2,153.41
3352,2024-01-06,Notebook,Nordeste,5,3753.9
3353,2024-09-16,Notebook,Sudeste,1,3501.45
3354,2024-05-20,Monitor,Sul,4,954.24
3355,2024-11-30,Headset,Norte,3,223.77
3356,2024-09-21,Webcam,Sudeste,2,194.48
3357,2024-03-24,Teclado,Norte,3,153.03
3358,2024-02-26,Monitor,Nordeste,1,845.84
3359,2024-05-07,Monitor,Norte,4,949.63
3360,2024-03-31,Webcam,Sudeste,1,172.88
3361,2024-06-23,Mouse,Sul,4,75.66
3362,2024-12-24,Monitor,Norte,1,839.6
3363,2024-11-05,Mouse,Sul,1,79.01
3364,2024-12-23,Teclado,Sudeste,1,156.25
3365,2024-07-07,Webcam,Sul,1,177.07
3366,2024-05-22,Notebook,Sudeste,5,3641.43
3367,2024-02-03,Notebook,Norte,3,3764.45
3368,2024-07-02,Webcam,Sudeste,4,180.26
3369,2024-03-11,Mouse,Norte,1,74.59
3370,2024-04-05,Headset,Nordeste,4,227.03
3371,2024-07-10,Headset,Sul,3,219.03
3372,2024-04-04,Webcam,Sul,4,166.17
3373,2024-04-28,Notebook,Nordeste,2,3360.24
3374,2024-12-25,Webcam,Sudeste,1,175.39
3375,2024-01-07,Headset,Norte,5,227.3
3376,2024-09-28,Headset,Norte,3,236.74
3377,2024-06-12,Mouse,Nordeste,4,84.82
3378,2024-12-05,Mouse,Sudeste,4,79.66
3379,2024-03-29,Notebook,Sudeste,5,3593.38
3380,2024-02-06,Headset,Nordeste,2,235.75
3381,2024-02-04,Mouse,Sudeste,5,87.84
3382,2024-10-16,Notebook,Nordeste,2,3588.86
3383,2024-11-16,Monitor,Centro-Oeste,2,959.04
3384,2024-01-31,Monitor,Sudeste,1,966.72
3385,2024-01-15,Monitor,Nordeste,3,880.34
3386,2024-04-25,Headset,Nordeste,4,225.06
3387,2024-07-27,Headset,Nordeste,2,224.36
3388,2024-09-11,Teclado,Norte,4,152.99
3389,2024-02-03,Monitor,Sul,1,936.81
3390,2024-11-24,Mouse,Norte,3,76.44
3391,2024-08-25,Teclado,Centro-Oeste,3,160.09
3392,2024-06-16,Headset,Centro-Oeste,4,220.5
3393,2024-12-18,Monitor,Sul,5,976.22
3394,2024-11-02,Headset,Sul,2,218.65
3395,2024-12-20,Notebook,Sudeste,3,3522.92
3396,2024-11-19,Headset,Norte,3,225.68
3397,2024-05-27,Teclado,Sul,5,141.84
3398,2024-05-02,Teclado,Sul,2,145.46
3399,2024-04-08,Teclado,Centro-Oeste,5,155.28
3400,2024-05-15,Teclado,Sul,4,155.09
3401,2024-11-09,Mouse,Nordeste,3,75.04
3402,2024-07-04,Webcam,Sul,5,173.56
3403,2024-10-24,Monitor,Sul,2,831.1
3404,2024-05-29,Webcam,Nordeste,2,183.53
3405,2024-06-21,Webcam,Nordeste,4,175.5
3406,2024-09-04,Monitor,Centro-Oeste,5,892.63
3407,2024-03-15,Teclado,Centro-Oeste,5,137.16
3408,2024-07-11,Notebook,Sul,4,3152.29
3409,2024-05-10,Mouse,Sudeste,4,86.96
3410,2024-10-25,Headset,Centro-Oeste,5,222.97
3411,2024-05-16,Mouse,Norte,4,82.05
3412,2024-10-31,Monitor,Norte,4,888.69
3413,2024-03-02,Teclado,Nordeste,2,138.69
3414,2024-01-22,Notebook,Norte,3,3225.22
3415,2024-05-17,Headset,Nordeste,1,238.73
3416,2024-08-04,Webcam,Nordeste,1,194.09
3417,2024-01-31,Headset,Norte,1,212.85
3418,2024-05-21,Headset,Centro-Oeste,4,208.59
3419,2024-11-12,Mouse,Sul,5,84.03
3420,2024-06-30,Headset,Nordeste,2,199.01
3421,2024-06-11,Headset,Nordeste,2,233.45
3422,2024-04-14,Monitor,Sul,5,813.14
3423,2024-02-16,Mouse,Sul,5,87.66
3424,2024-09-05,Teclado,Norte,1,142.39
3425,2024-04-23,Monitor,Nordeste,4,919.73
3426,2024-04-22,Mouse,Centro-Oeste,1,72.05
3427,2024-06-06,Webcam,Sudeste,5,192.99
3428,2024-08-16,Monitor,Nordeste,2,828.07
3429,2024-07-28,Notebook,Sudeste,4,3255.27
3430,2024-11-10,Monitor,Sudeste,1,907.43
3431,2024-04-15,Teclado,Sudeste,4,158.69
3432,2024-06-24,Headset,Centro-Oeste,1,219.96
3433,2024-07-17,Headset,Sudeste,5,207.04
3434,2024-12-26,Mouse,Norte,5,85.39
3435,2024-07-12,Webcam,Nordeste,4,169.46
3436,2024-06-29,Teclado,Sudeste,3,142.46
3437,2024-04-28,Teclado,Sudeste,5,161.33
3438,2024-12-17,Notebook,Sul,2,3601.83
3439,2024-08-19,Notebook,Norte,4,3550.16
3440,2024-07-14,Teclado,Norte,4,148.09
3441,2024-08-05,Monitor,Norte,4,855.89
3442,2024-05-17,Mouse,Centro-Oeste,3,79.66
3443,2024-04-22,Mouse,Sul,5,81.59
3444,2024-01-19,Mouse,Sudeste,3,72.77
3445,2024-02-16,Mouse,Nordeste,1,81.85
3446,2024-01-26,Headset,Centro-Oeste,1,221.11
3447,2024-08-19,Teclado,Nordeste,3,139.25
3448,2024-05-22,Monitor,Nordeste,2,883.7
3449,2024-09-23,Mouse,Norte,2,85.95
3450,2024-01-27,Headset,Sul,2,210.68
3451,2024-08-04,Monitor,Nordeste,2,813.09
3452,2024-11-04,Mouse,Norte,1,84.37
3453,2024-04-01,Teclado,Sul,1,158.37
3454,2024-07-07,Headset,Nordeste,2,221.48
3455,2024-05-05,Mouse,Norte,3,85.69
3456,2024-09-19,Teclado,Norte,5,150.14
3457,2024-07-20,Notebook,Nordeste,2,3183.84
3458,2024-03-08,Mouse,Nordeste,5,85.35
3459,2024-05-22,Headset,Sudeste,2,218.02
3460,2024-02-26,Webcam,Nordeste,2,185.04
3461,2024-02-04,Notebook,Sudeste,2,3150.4
3462,2024-09-27,Monitor,Sudeste,4,909.06
3463,2024-07-25,Webcam,Sul,4,196.64
3464,2024-06-30,Headset,Sul,5,229.61
3465,2024-07-26,Webcam,Centro-Oeste,5,195.73
3466,2024-09-14,Mouse,Sudeste,2,84.88
3467,2024-02-07,Mouse,Sul,3,85.47
3468,2024-11-05,Notebook,Sudeste,4,3413.16
3469,2024-01-13,Teclado,Centro-Oeste,4,140.96
3470,2024-04-20,Notebook,Sudeste,2,3464.96
3471,2024-03-12,Headset,Centro-Oeste,4,208.76
3472,2024-04-26,Notebook,Sudeste,3,3490.74
3473,2024-12-30,Monitor,Sudeste,3,968.83
3474,2024-03-07,Monitor,Sudeste,1,854.17
3475,2024-11-23,Mouse,Norte,3,77.98
3476,2024-08-26,Teclado,Sudeste,4,137.34
3477,2024-06-30,Teclado,Sul,5,149.31
3478,2024-02-04,Monitor,Centro-Oeste,3,844.83
3479,2024-03-25,Headset,Norte,1,204.42
3480,2024-10-14,Webcam,Centro-Oeste,1,162.89
3481,2024-11-18,Mouse,Sul,3,72.39
3482,2024-06-20,Monitor,Sul,4,872.45
3483,2024-05-25,Teclado,Centro-Oeste,1,159.04
3484,2024-03-04,Headset,Sudeste,4,217.07
3485,2024-01-19,Headset,Sul,5,220.26
3486,2024-07-12,Mouse,Centro-Oeste,4,83.7
3487,2024-05-16,Webcam,Nordeste,2,189.44
3488,2024-02-17,Mouse,Sul,4,76.41
3489,2024-01-22,Mouse,Norte,3,72.19
3490,2024-04-09,Mouse,Sudeste,5,75.1
3491,2024-08-06,Mouse,Sul,5,76.08
3492,2024-01-01,Mouse,Norte,2,85.74
3493,2024-09-04,Teclado,Norte,2,149.05
3494,2024-12-10,Mouse,Sudeste,1,73.28
3495,2024-06-24,Monitor,Sul,3,963.11
3496,2024-10-22,Teclado,Sul,5,161.68
3497,2024-06-18,Webcam,Centro-Oeste,5,167.6
3498,2024-10-28,Webcam,Sul,3,191.02
3499,2024-04-25,Mouse,Norte,4,79.73
3500,2024-09-17,Teclado,Centro-Oeste,4,164.18
3501,2024-01-27,Monitor,Sul,3,954.3
3502,2024-02-24,Teclado,Nordeste,5,141.71
3503,2024-05-07,Mouse,Sudeste,2,86.82
3504,2024-10-04,Webcam,Sul,3,176.86
3505,2024-08-02,Monitor,Sul,3,863.84
3506,2024-03-24,Mouse,Sul,4,87.18
3507,2024-02-03,Webcam,Centro-Oeste,1,177.68
3508,2024-03-19,Monitor,Sudeste,4,986.1
3509,2024-07-08,Teclado,Norte,3,142.07
3510,2024-07-21,Monitor,Sul,2,882.96
3511,2024-05-26,Mouse,Nordeste,5,84.87
3512,2024-03-22,Teclado,Sul,3,152.8
3513,2024-02-21,Notebook,Norte,1,3707.34
3514,2024-03-17,Notebook,Sul,4,3494.85
3515,2024-12-23,Notebook,Nordeste,1,3151.46
3516,2024-01-17,Mouse,Nordeste,3,87.74
3517,2024-12-13,Teclado,Centro-Oeste,5,137.63
3518,2024-06-07,Mouse,Centro-Oeste,1,72.62
3519,2024-02-12,Headset,Norte,5,198.01
3520,2024-03-28,Mouse,Sudeste,4,73.72
3521,2024-05-29,Headset,Sul,5,201.15
3522,2024-05-25,Headset,Nordeste,1,218.34
3523,2024-03-21,Teclado,Sul,1,149.89
3524,2024-12-18,Mouse,Centro-Oeste,1,78.29
3525,2024-12-06,Teclado,Nordeste,4,159.31
3526,2024-09-17,Teclado,Centro-Oeste,3,154.6
3527,2024-08-02,Monitor,Nordeste,3,929.93
3528,2024-05-03,Mouse,Sudeste,2,83.25
3529,2024-02-10,Notebook,Norte,5,3762.6
3530,2024-02-25,Mouse,Sudeste,2,74.39
3531,2024-05-24,Notebook,Centro-Oeste,3,3555.49
3532,2024-09-03,Webcam,Sudeste,4,166.41
3533,2024-12-08,Webcam,Sul,5,172.89
3534,2024-04-17,Webcam,Sudeste,1,175.11
3535,2024-04-08,Monitor,Centro-Oeste,1,818.8
3536,2024-07-18,Teclado,Nordeste,4,148.91
3537,2024-12-29,Monitor,Centro-Oeste,4,833.92
3538,2024-12-28,Teclado,Sudeste,3,163.74
3539,2024-12-24,Headset,Nordeste,1,236.24
3540,2024-05-08,Mouse,Sudeste,1,79.79
3541,2024-03-16,Teclado,Norte,2,142.2
3542,2024-09-10,Headset,Centro-Oeste,2,229.71
3543,2024-01-20,Monitor,Norte,3,938.05
3544,2024-07-09,Headset,Centro-Oeste,1,202.6
3545,2024-04-13,Headset,Nordeste,2,212.63
3546,2024-09-15,Webcam,Centro-Oeste,5,176.06
3547,2024-10-29,Headset,Sul,5,206.65
3548,2024-01-21,Webcam,Sudeste,5,181.7
3549,2024-08-21,Headset,Norte,3,212.63
3550,2024-10-28,Monitor,Norte,4,959.32
3551,2024-08-25,Monitor,Sul,5,851.57
3552,2024-10-29,Teclado,Nordeste,4,142.94
3553,2024-01-20,Webcam,Nordeste,5,171.15
3554,2024-01-03,Teclado,Sul,2,136.22
3555,2024-05-02,Monitor,Sudeste,1,887.4
3556,2024-05-20,Notebook,Sul,5,3807.94
3557,2024-09-13,Notebook,Centro-Oeste,5,3614.32
3558,2024-10-24,Monitor,Nordeste,5,929.03
3559,2024-02-29,Teclado,Nordeste,4,151.82
3560,2024-03-31,Teclado,Sul,2,135.43
3561,2024-02-10,Monitor,Centro-Oeste,2,980.38
3562,2024-02-20,Notebook,Nordeste,3,3268.32
3563,2024-12-09,Teclado,Centro-Oeste,4,139.86
3564,2024-04-14,Monitor,Nordeste,3,827.57
3565,2024-06-07,Teclado,Sul,5,154.17
3566,2024-03-20,Notebook,Norte,1,3817.51
3567,2024-05-18,Notebook,Nordeste,1,3685.43
3568,2024-03-03,Teclado,Sul,5,148.96
3569,2024-09-03,Notebook,Sul,3,3699.85
3570,2024-02-17,Teclado,Centro-Oeste,2,146.64
3571,2024-10-06,Mouse,Centro-Oeste,1,86.57
3572,2024-02-14,Headset,Norte,2,204.42
3573,2024-09-24,Mouse,Sul,2,79.66
3574,2024-06-28,Webcam,Norte,3,192.73
3575,2024-02-23,Monitor,Sul,4,848.22
3576,2024-11-13,Mouse,Sudeste,5,83.96
3577,2024-04-26,Notebook,Sudeste,5,3689.59
3578,2024-06-13,Monitor,Centro-Oeste,2,971.99
3579,2024-08-19,Notebook,Nordeste,1,3549.66
3580,2024-12-06,Notebook,Centro-Oeste,3,3440.87
3581,2024-06-10,Notebook,Sudeste,1,3243.86
3582,2024-10-31,Notebook,Sul,5,3686.29
3583,2024-03-10,Headset,Sudeste,4,222.36
3584,2024-06-23,Headset,Norte,5,233.68
3585,2024-06-11,Webcam,Nordeste,3,181.33
3586,2024-05-30,Monitor,Norte,1,819.88
3587,2024-12-06,Teclado,Nordeste,3,159.47
3588,2024-05-23,Mouse,Centro-Oeste,4,87.7
3589,2024-07-05,Headset,Norte,4,211.57
3590,2024-07-27,Teclado,Norte,1,164.44
3591,2024-04-04,Teclado,Norte,2,162.94
3592,2024-11-02,Headset,Norte,3,202.99
3593,2024-06-19,Teclado,Centro-Oeste,1,140.48
3594,2024-10-25,Mouse,Norte,2,72.79
3595,2024-10-08,Teclado,Sul,1,159.35
3596,2024-10-22,Headset,Sul,3,237.88
3597,2024-06-01,Webcam,Norte,4,189.08
3598,2024-06-08,Notebook,Sudeste,1,3610.53
3599,2024-01-27,Teclado,Nordeste,1,137.83
3600,2024-01-03,Headset,Norte,4,199.87
3601,2024-07-26,Teclado,Sul,1,142.93
3602,2024-10-14,Headset,Nordeste,1,212.7
3603,2024-11-28,Mouse,Sul,1,82.09
3604,2024-08-28,Notebook,Nordeste,2,3268.56
3605,2024-09-17,Webcam,Nordeste,4,162.19
3606,2024-05-19,Headset,Sul,2,219.68
3607,2024-01-31,Mouse,Sudeste,2,81.81
3608,2024-04-08,Monitor,Sul,3,871.97
3609,2024-10-29,Monitor,Sudeste,5,861.78
3610,2024-11-11,Mouse,Norte,4,76.08
3611,2024-09-11,Headset,Norte,1,215.84
3612,2024-05-09,Mouse,Nordeste,5,74.95
3613,2024-10-24,Webcam,Norte,2,166.77
3614,2024-04-28,Notebook,Nordeste,1,3661.88
3615,2024-07-21,Webcam,Nordeste,2,171.96
3616,2024-10-21,Notebook,Norte,2,3652.07
3617,2024-01-08,Webcam,Sudeste,1,174.29
3618,2024-03-14,Monitor,Nordeste,1,966.38
3619,2024-07-29,Teclado,Sudeste,5,155.41
3620,2024-12-05,Monitor,Nordeste,2,847.22
3621,2024-04-06,Teclado,Nordeste,4,149.67
3622,2024-08-11,Teclado,Norte,3,135.09
3623,2024-03-22,Monitor,Norte,1,944.7
3624,2024-05-28,Headset,Nordeste,4,202.86
3625,2024-03-13,Teclado,Centro-Oeste,3,140.31
3626,2024-08-30,Notebook,Sul,1,3560.54
3627,2024-06-04,Teclado,Nordeste,4,141.03
3628,2024-09-01,Teclado,Sudeste,3,139.81
3629,2024-08-12,Mouse,Nordeste,1,84.5
3630,2024-09-05,Webcam,Sudeste,2,197.51
3631,2024-09-17,Headset,Nordeste,1,209.78
3632,2024-09-24,Teclado,Centro-Oeste,1,143.15
3633,2024-09-21,Webcam,Centro-Oeste,4,162.73
3634,2024-02-24,Headset,Nordeste,3,209.09
3635,2024-12-08,Mouse,Sul,5,81.19
3636,2024-04-03,Headset,Sudeste,5,198.15
3637,2024-06-16,Notebook,Sul,4,3547.57
3638,2024-09-03,Notebook,Nordeste,2,3225.93
3639,2024-08-05,Teclado,Centro-Oeste,3,152.59
3640,2024-07-24,Webcam,Sul,5,182.3
3641,2024-07-13,Notebook,Sudeste,5,3287.39
3642,2024-06-15,Mouse,Norte,3,77.71
3643,2024-09-29,Mouse,Centro-Oeste,4,75.64
3644,2024-01-09,Headset,Norte,1,222.87
3645,2024-04-28,Mouse,Sudeste,1,75.28
3646,2024-09-30,Monitor,Norte,1,932.57
3647,2024-08-13,Headset,Nordeste,2,230.47
3648,2024-07-08,Mouse,Norte,1,76.1
3649,2024-07-28,Headset,Norte,3,226.29
3650,2024-04-17,Monitor,Norte,3,976.24
3651,2024-03-01,Headset,Norte,3,232.81
3652,2024-11-18,Headset,Nordeste,1,218.94
3653,2024-10-04,Teclado,Nordeste,1,162.79
3654,2024-04-20,Monitor,Sudeste,3,828.02
3655,2024-10-25,Headset,Nordeste,5,210.22
3656,2024-12-22,Monitor,Centro-Oeste,3,945.6
3657,2024-12-22,Headset,Nordeste,1,230.51
3658,2024-10-19,Webcam,Norte,3,168.93
3659,2024-04-29,Mouse,Norte,2,75.13
3660,2024-04-11,Mouse,Nordeste,3,79.37
3661,2024-08-18,Webcam,Nordeste,5,166.84
3662,2024-04-14,Notebook,Centro-Oeste,3,3734.32
3663,2024-03-19,Monitor,Norte,2,895.27
3664,2024-03-28,Notebook,Centro-Oeste,1,3523.12
3665,2024-08-03,Webcam,Norte,1,189.52
3666,2024-02-07,Mouse,Nordeste,4,73.74
3667,2024-12-24,Mouse,Nordeste,3,83.42
3668,2024-10-11,Webcam,Sul,5,194.36
3669,2024-06-17,Headset,Sudeste,2,234.47
3670,2024-09-29,Headset,Sul,2,239.96
3671,2024-03-29,Monitor,Sul,4,860.25
3672,2024-11-06,Teclado,Nordeste,1,140.89
3673,2024-07-11,Teclado,Sul,4,162.82
3674,2024-02-29,Headset,Nordeste,1,208.11
3675,2024-09-30,Webcam,Norte,5,179.26
3676,2024-10-24,Webcam,Nordeste,1,180.65
3677,2024-04-28,Headset,Nordeste,2,237.95
3678,2024-11-06,Headset,Sul,1,208.63
3679,2024-02-12,Headset,Centro-Oeste,5,221.65
3680,2024-05-13,Teclado,Centro-Oeste,5,139.09
3681,2024-01-23,Mouse,Sudeste,4,85.6
3682,2024-03-12,Mouse,Nordeste,1,80.29
3683,2024-08-14,Headset,Norte,4,229.72
3684,2024-02-11,Headset,Centro-Oeste,4,205.24
3685,2024-06-21,Teclado,Norte,1,157.96
3686,2024-12-06,Notebook,Norte,1,3208.54
3687,2024-11-22,Mouse,Sul,1,73.32
3688,2024-09-03,Mouse,Norte,4,84.54
3689,2024-11-27,Headset,Centro-Oeste,1,232.65
3690,2024-11-05,Webcam,Norte,2,197.58
3691,2024-07-13,Teclado,Norte,5,154.37
3692,2024-05-13,Teclado,Nordeste,1,151.37
3693,2024-11-03,Mouse,Sul,5,79.63
3694,2024-09-24,Monitor,Norte,2,841.63
3695,2024-09-13,Teclado,Sul,1,144.42
3696,2024-01-21,Monitor,Sul,4,894.12
3697,2024-11-02,Notebook,Norte,1,3613.43
3698,2024-07-12,Mouse,Centro-Oeste,3,73.42
3699,2024-09-21,Webcam,Centro-Oeste,5,167.4
3700,2024-10-15,Monitor,Norte,2,884.34
3701,2024-09-18,Teclado,Nordeste,3,146.09
3702,2024-07-06,Notebook,Centro-Oeste,2,3699.6
3703,2024-01-22,Monitor,Sul,1,922.5
3704,2024-07-27,Notebook,Nordeste,2,3437.13
3705,2024-10-12,Headset,Sudeste,5,213.62
3706,2024-11-15,Notebook,Sul,2,3238.04
3707,2024-05-17,Notebook,Norte,1,3755.68
3708,2024-09-27,Teclado,Norte,5,162.46
3709,2024-01-03,Webcam,Centro-Oeste,3,196.64
3710,2024-03-31,Webcam,Sul,4,179.94
3711,2024-09-21,Mouse,Nordeste,4,83.49
3712,2024-09-27,Mouse,Norte,4,76.28
3713,2024-12-10,Mouse,Norte,2,83.15
3714,2024-12-13,Headset,Centro-Oeste,2,220.96
3715,2024-12-08,Webcam,Centro-Oeste,4,172.71
3716,2024-05-04,Notebook,Sudeste,2,3407.78
3717,2024-09-27,Webcam,Sudeste,2,165.75
3718,2024-02-12,Teclado,Sudeste,1,159.66
3719,2024-11-19,Teclado,Sudeste,2,145.64
3720,2024-05-28,Teclado,Norte,2,147.1
3721,2024-12-11,Mouse,Centro-Oeste,3,80.7
3722,2024-05-30,Mouse,Nordeste,1,82.7
3723,2024-07-12,Monitor,Centro-Oeste,4,952.58
3724,2024-09-19,Teclado,Sul,5,150.16
3725,2024-04-25,Notebook,Norte,3,3319.01
3726,2024-09-13,Webcam,Sul,2,191.89
3727,2024-06-18,Teclado,Nordeste,4,153.3
3728,2024-02-01,Webcam,Centro-Oeste,1,172.43
3729,2024-01-30,Webcam,Centro-Oeste,2,169.37
3730,2024-04-16,Mouse,Centro-Oeste,2,85.26
3731,2024-10-27,Teclado,Centro-Oeste,1,146.84
3732,2024-03-13,Mouse,Norte,1,73.51
3733,2024-08-20,Headset,Sul,4,229.74
3734,2024-10-05,Notebook,Norte,5,3832.91
3735,2024-10-30,Mouse,Norte,2,79.88
3736,2024-07-26,Mouse,Centro-Oeste,2,72.63
3737,2024-01-18,Monitor,Norte,1,975.26
3738,2024-09-15,Headset,Sudeste,3,241.62
3739,2024-08-24,Notebook,Sul,4,3695.24
3740,2024-09-25,Webcam,Norte,1,194.81
3741,2024-01-14,Mouse,Norte,5,73.71
3742,2024-02-27,Monitor,Sul,2,960.77
3743,2024-01-07,Headset,Nordeste,4,212.69
3744,2024-12-25,Webcam,Sudeste,3,188.25
3745,2024-03-02,Headset,Sudeste,1,236.82
3746,2024-04-19,Webcam,Sudeste,3,183.95
3747,2024-03-09,Teclado,Norte,1,144.34
3748,2024-03-04,Notebook,Sul,5,3350.79
3749,2024-05-29,Headset,Nordeste,2,215.47
3750,2024-06-24,Monitor,Norte,5,835.07
3751,2024-04-09,Monitor,Nordeste,2,979.49
3752,2024-11-04,Headset,Sul,2,201.23
3753,2024-05-20,Monitor,Centro-Oeste,3,885.29
3754,2024-05-10,Notebook,Norte,3,3241.04
3755,2024-07-27,Headset,Norte,3,225.74
3756,2024-05-01,Teclado,Sudeste,4,147.86
3757,2024-01-24,Webcam,Sul,1,166.19
3758,2024-08-06,Mouse,Norte,1,87.1
3759,2024-09-23,Notebook,Nordeste,3,3423.41
3760,2024-02-15,Headset,Norte,4,204.78
3761,2024-02-07,Monitor,Centro-Oeste,2,827.99
3762,2024-04-21,Mouse,Centro-Oeste,3,77.69
3763,2024-09-17,Monitor,Sul,2,888.52
3764,2024-09-05,Notebook,Sudeste,4,3684.14
3765,2024-03-14,Webcam,Sul,2,197.42
3766,2024-05-28,Teclado,Norte,1,142.26
3767,2024-01-03,Headset,Sul,4,232.33
3768,2024-06-01,Teclado,Nordeste,4,160.89
3769,2024-09-27,Headset,Nordeste,4,200.03
3770,2024-11-26,Mouse,Centro-Oeste,5,83.58
3771,2024-02-22,Notebook,Centro-Oeste,4,3633.78
3772,2024-11-06,Notebook,Norte,5,3407.77
3773,2024-10-24,Headset,Norte,3,210.57
3774,2024-01-09,Mouse,Sudeste,3,81.33
3775,2024-07-25,Mouse,Sul,5,81.98
3776,2024-08-03,Webcam,Sul,5,191.09
3777,2024-05-31,Webcam,Sul,5,189.34
3778,2024-12-12,Webcam,Sudeste,1,194.01
3779,2024-03-15,Teclado,Sul,3,152.38
3780,2024-10-18,Webcam,Nordeste,2,173.89
3781,2024-05-30,Notebook,Norte,5,3771.14
3782,2024-11-12,Headset,Nordeste,2,237.18
3783,2024-04-04,Notebook,Nordeste,3,3696.37
3784,2024-07-25,Monitor,Sul,5,982.91
3785,2024-07-27,Notebook,Sul,1,3843.02
3786,2024-03-20,Monitor,Sudeste,1,892.29
3787,2024-01-16,Monitor,Sudeste,2,944.87
3788,2024-10-14,Teclado,Nordeste,5,153.2
3789,2024-12-09,Teclado,Sul,3,154.51
3790,2024-03-11,Headset,Sul,1,234.78
3791,2024-01-02,Teclado,Centro-Oeste,4,161.62
3792,2024-03-13,Notebook,Sul,5,3453.9
3793,2024-10-08,Notebook,Nordeste,4,3563.36
3794,2024-10-05,Teclado,Nordeste,4,154.83
3795,2024-10-08,Notebook,Sudeste,5,3414.81
3796,2024-11-18,Monitor,Norte,2,812.69
3797,2024-08-06,Monitor,Norte,2,947.97
3798,2024-06-09,Headset,Sul,3,241.14
3799,2024-05-08,Notebook,Nordeste,3,3429.07
3800,2024-05-03,Mouse,Sul,3,85.6
3801,2024-11-16,Teclado,Norte,1,159.98
3802,2024-09-01,Mouse,Nordeste,1,72.1
3803,2024-08-10,Headset,Sul,4,237.92
3804,2024-02-02,Monitor,Norte,1,960.07
3805,2024-09-14,Monitor,Nordeste,1,824.62
3806,2024-11-09,Mouse,Centro-Oeste,1,72.77
3807,2024-07-11,Notebook,Sul,1,3578.45
3808,2024-02-11,Teclado,Centro-Oeste,5,137.19
3809,2024-06-13,Webcam,Norte,4,176.68
3810,2024-11-18,Mouse,Sul,2,85.95
3811,2024-11-24,Monitor,Sudeste,2,819.05
3812,2024-04-22,Teclado,Centro-Oeste,3,135.5
3813,2024-08-13,Monitor,Sudeste,5,860.67
3814,2024-01-30,Mouse,Sudeste,2,83.62
3815,2024-12-09,Monitor,Nordeste,5,834.69
3816,2024-10-11,Notebook,Norte,4,3657.49
3817,2024-07-15,Monitor,Norte,2,911.78
3818,2024-02-04,Headset,Centro-Oeste,1,215.48
3819,2024-12-11,Headset,Sul,3,200.95
3820,2024-04-11,Mouse,Nordeste,4,75.71
3821,2024-06-09,Mouse,Centro-Oeste,2,75.24
3822,2024-02-25,Monitor,Sudeste,5,976.89
3823,2024-01-06,Monitor,Nordeste,2,932.05
3824,2024-11-04,Notebook,Nordeste,1,3415.88
3825,2024-08-04,Mouse,Nordeste,5,87.67
3826,2024-03-08,Teclado,Sudeste,4,151.38
3827,2024-07-11,Teclado,Norte,2,141.55
3828,2024-12-07,Notebook,Sul,3,3364.97
3829,2024-01-26,Headset,Nordeste,5,212.21
3830,2024-07-21,Mouse,Centro-Oeste,5,72.69
3831,2024-08-08,Notebook,Centro-Oeste,3,3846.45
3832,2024-08-19,Mouse,Nordeste,3,85.31
3833,2024-08-28,Monitor,Sul,1,976.98
3834,2024-09-12,Monitor,Sul,2,974.73
3835,2024-01-08,Notebook,Nordeste,1,3764.73
3836,2024-10-01,Headset,Nordeste,1,225.64
3837,2024-09-22,Teclado,Sudeste,2,152.18
3838,2024-09-08,Teclado,Sul,4,142.02
3839,2024-04-28,Monitor,Sul,2,967.8
3840,2024-03-31,Headset,Sul,3,215.97
3841,2024-04-27,Teclado,Sul,4,163.79
3842,2024-09-09,Notebook,Sul,5,3653.43
3843,2024-07-25,Monitor,Norte,4,896.1
3844,2024-07-25,Notebook,Sudeste,2,3780.22
3845,2024-03-16,Headset,Norte,3,231.64
3846,2024-10-03,Monitor,Nordeste,1,928.6
3847,2024-04-02,Mouse,Nordeste,3,77.25
3848,2024-02-14,Mouse,Sudeste,3,72.24
3849,2024-10-03,Teclado,Sudeste,1,155.6
3850,2024-10-18,Monitor,Nordeste,1,904.11
3851,2024-02-07,Mouse,Sul,2,77.24
3852,2024-08-21,Monitor,Sul,1,910.35
3853,2024-12-15,Headset,Centro-Oeste,2,216.92
3854,2024-10-04,Headset,Centro-Oeste,5,236.2
3855,2024-03-05,Mouse,Norte,3,84.77
3856,2024-12-20,Headset,Nordeste,5,217.06
3857,2024-11-02,Webcam,Centro-Oeste,5,196.89
3858,2024-03-07,Webcam,Centro-Oeste,5,174.16
3859,2024-11-08,Webcam,Sul,5,184.66
3860,2024-02-13,Webcam,Centro-Oeste,3,178.27
3861,2024-09-16,Headset,Sudeste,1,228.59
3862,2024-02-16,Monitor,Centro-Oeste,2,852.35
3863,2024-07-24,Headset,Sudeste,4,219.01
3864,2024-12-02,Headset,Nordeste,1,239.09
3865,2024-05-20,Monitor,Sudeste,1,983.43
3866,2024-11-17,Notebook,Sudeste,4,3577.3
3867,2024-07-15,Monitor,Sul,2,964.26
3868,2024-08-11,Headset,Sul,4,229.62
3869,2024-03-07,Mouse,Centro-Oeste,5,81.23
3870,2024-01-20,Monitor,Sul,3,932.68
3871,2024-07-23,Notebook,Nordeste,2,3408.08
3872,2024-05-17,Webcam,Norte,3,189.2
3873,2024-07-14,Monitor,Sul,3,933.41
3874,2024-01-20,Headset,Norte,1,205.39
3875,2024-03-31,Headset,Centro-Oeste,3,209.81
3876,2024-09-25,Mouse,Sudeste,4,81.5
3877,2024-03-12,Mouse,Centro-Oeste,5,76.71
3878,2024-05-06,Webcam,Nordeste,5,188.62
3879,2024-07-19,Teclado,Nordeste,2,151.39
3880,2024-02-22,Headset,Centro-Oeste,4,205.23
3881,2024-12-16,Notebook,Centro-Oeste,2,3523.13
3882,2024-09-04,Teclado,Nordeste,3,146.67
3883,2024-03-28,Headset,Sudeste,5,207.75
3884,2024-04-23,Webcam,Centro-Oeste,5,183.89
3885,2024-07-08,Webcam,Norte,2,192.98
3886,2024-02-24,Headset,Sul,4,214.25
3887,2024-11-26,Notebook,Sudeste,5,3333.99
3888,2024-10-13,Monitor,Centro-Oeste,1,919.78
3889,2024-12-14,Monitor,Centro-Oeste,3,850.36
3890,2024-06-05,Mouse,Sul,1,86.04
3891,2024-10-22,Headset,Norte,1,238.21
3892,2024-09-04,Headset,Nordeste,1,206.76
3893,2024-06-19,Webcam,Sul,2,171.69
3894,2024-02-14,Notebook,Centro-Oeste,2,3426.17
3895,2024-06-15,Notebook,Centro-Oeste,4,3225.27
3896,2024-04-13,Teclado,Norte,2,156.87
3897,2024-11-13,Teclado,Nordeste,4,149.28
3898,2024-02-19,Headset,Nordeste,4,217.68
3899,2024-01-24,Teclado,Norte,5,142.97
3900,2024-12-22,Mouse,Norte,3,87.21
3901,2024-01-19,Notebook,Centro-Oeste,2,3469.64
3902,2024-09-27,Headset,Norte,5,221.04
3903,2024-01-31,Headset,Sul,2,231.34
3904,2024-05-19,Notebook,Centro-Oeste,2,3314.51
3905,2024-09-26,Headset,Sul,3,215.7
3906,2024-06-18,Mouse,Sul,4,78.66
3907,2024-10-25,Teclado,Sul,4,158.77
3908,2024-10-02,Monitor,Sudeste,3,863.76
3909,2024-03-11,Mouse,Sudeste,3,80.16
3910,2024-12-08,Webcam,Centro-Oeste,5,184.76
3911,2024-10-28,Webcam,Sudeste,3,190.68
3912,2024-12-30,Teclado,Sul,3,140.33
3913,2024-06-04,Mouse,Sul,1,87.48
3914,2024-08-07,Webcam,Centro-Oeste,1,166.9
3915,2024-01-21,Notebook,Norte,2,3711.14
3916,2024-11-23,Teclado,Nordeste,5,154.42
3917,2024-02-07,Mouse,Nordeste,2,82.28
3918,2024-06-15,Notebook,Centro-Oeste,1,3295.84
3919,2024-06-23,Teclado,Sudeste,1,150.65
3920,2024-11-20,Webcam,Sudeste,5,188.57
3921,2024-02-21,Webcam,Centro-Oeste,3,172.24
3922,2024-09-25,Headset,Sul,4,214.98
3923,2024-09-08,Headset,Nordeste,4,240.38
3924,2024-04-23,Webcam,Sudeste,4,194.36
3925,2024-05-29,Monitor,Sudeste,2,944.44
3926,2024-07-06,Mouse,Sul,2,86.71
3927,2024-04-17,Teclado,Norte,5,141.55
3928,2024-12-28,Mouse,Sul,1,83.79
3929,2024-02-02,Mouse,Nordeste,2,81.71
3930,2024-01-04,Webcam,Centro-Oeste,5,165.33
3931,2024-01-05,Monitor,Norte,5,854.05
3932,2024-09-07,Teclado,Nordeste,2,156.53
3933,2024-06-25,Monitor,Norte,5,839.71
3934,2024-07-25,Monitor,Sul,1,929.73
3935,2024-04-02,Mouse,Centro-Oeste,4,79.43
3936,2024-07-04,Teclado,Sul,3,149.52
3937,2024-03-20,Monitor,Sul,1,868.58
3938,2024-02-16,Headset,Sul,4,214.83
3939,2024-10-10,Webcam,Nordeste,1,176.13
3940,2024-04-03,Headset,Sudeste,1,226.4
3941,2024-02-02,Mouse,Sudeste,2,75.17
3942,2024-04-21,Webcam,Sul,5,196.8
3943,2024-06-15,Notebook,Nordeste,2,3258.63
3944,2024-11-10,Headset,Nordeste,4,236.79
3945,2024-08-06,Notebook,Centro-Oeste,5,3202.75
3946,2024-04-30,Teclado,Sul,5,139.32
3947,2024-06-15,Mouse,Centro-Oeste,2,84.63
3948,2024-04-14,Headset,Centro-Oeste,5,239.35
3949,2024-08-01,Teclado,Norte,4,156.74
3950,2024-09-09,Monitor,Nordeste,2,955.48
3951,2024-05-06,Teclado,Norte,5,144.98
3952,2024-10-22,Teclado,Sudeste,5,156.46
3953,2024-04-02,Notebook,Sudeste,5,3727.41
3954,2024-08-12,Headset,Norte,2,223.13
3955,2024-02-05,Monitor,Nordeste,1,869.6
3956,2024-11-01,Webcam,Sudeste,5,194.78
3957,2024-02-27,Webcam,Nordeste,4,187.49
3958,2024-03-11,Teclado,Sul,5,163.37
3959,2024-05-04,Headset,Nordeste,2,199.24
3960,2024-02-20,Webcam,Nordeste,3,176.3
3961,2024-01-28,Webcam,Sul,2,168.24
3962,2024-05-15,Notebook,Sul,4,3574.61
3963,2024-08-26,Webcam,Sul,5,180.21
3964,2024-08-12,Headset,Centro-Oeste,2,228.51
3965,2024-12-26,Webcam,Centro-Oeste,5,174.87
3966,2024-11-22,Mouse,Sul,4,86.79
3967,2024-04-13,Notebook,Norte,3,3834.59
3968,2024-07-17,Mouse,Norte,5,85.68
3969,2024-06-13,Headset,Norte,4,200.92
3970,2024-04-17,Mouse,Sul,1,72.37
3971,2024-11-25,Mouse,Sul,2,84.47
3972,2024-10-27,Webcam,Centro-Oeste,1,165.33
3973,2024-09-01,Mouse,Centro-Oeste,5,75.09
3974,2024-04-10,Headset,Norte,5,216.29
3975,2024-02-12,Monitor,Nordeste,5,899.98
3976,2024-02-28,Headset,Nordeste,4,200.13
3977,2024-03-18,Mouse,Norte,2,74.52
3978,2024-12-24,Webcam,Sudeste,4,178.8
3979,2024-03-12,Webcam,Norte,1,183.81
3980,2024-12-10,Webcam,Norte,1,166.06
3981,2024-02-23,Monitor,Nordeste,2,817.53
3982,2024-01-17,Headset,Sudeste,2,229.81
3983,2024-09-27,Webcam,Sudeste,2,169.13
3984,2024-04-19,Headset,Norte,3,223.16
3985,2024-07-13,Monitor,Centro-Oeste,2,906.51
3986,2024-04-01,Webcam,Sudeste,3,189.96
3987,2024-03-17,Notebook,Centro-Oeste,2,3220.32
3988,2024-01-12,Teclado,Sul,4,153.76
3989,2024-06-21,Mouse,Norte,5,82.64
3990,2024-03-17,Mouse,Sul,3,78.01
3991,2024-10-29,Notebook,Nordeste,3,3846.2
3992,2024-07-13,Teclado,Norte,1,159.16
3993,2024-12-07,Mouse,Sul,5,77.52
3994,2024-10-25,Webcam,Sudeste,1,189.95
3995,2024-08-20,Mouse,Norte,2,76.41
3996,2024-07-02,Monitor,Sul,3,907.14
3997,2024-06-06,Monitor,Nordeste,2,962.34
3998,2024-02-08,Teclado,Nordeste,1,139.23
3999,2024-01-28,Monitor,Sudeste,1,875.13
4000,2024-09-02,Mouse,Nordeste,5,79.92
4001,2024-03-26,Notebook,Sul,5,3193.06
4002,2024-02-13,Webcam,Sudeste,4,193.03
4003,2024-07-30,Notebook,Nordeste,2,3238.54
4004,2024-09-28,Teclado,Norte,3,144.58
4005,2024-12-16,Mouse,Norte,2,83.22
4006,2024-01-17,Teclado,Nordeste,1,138.74
4007,2024-07-04,Headset,Sudeste,4,222.83
4008,2024-08-19,Webcam,Centro-Oeste,4,194.15
4009,2024-11-14,Teclado,Norte,3,148.28
4010,2024-06-27,Webcam,Centro-Oeste,3,177.31
4011,2024-05-06,Mouse,Centro-Oeste,4,85.47
4012,2024-05-08,Mouse,Sudeste,4,72.04
4013,2024-10-11,Notebook,Norte,1,3708.08
4014,2024-03-03,Headset,Norte,2,199.17
4015,2024-07-30,Webcam,Sul,2,165.61
4016,2024-05-21,Monitor,Norte,4,839.14
4017,2024-01-22,Headset,Sul,1,220.74
4018,2024-12-09,Webcam,Centro-Oeste,4,165.87
4019,2024-01-16,Headset,Norte,3,228.99
4020,2024-02-13,Monitor,Nordeste,5,817.64
4021,2024-02-22,Monitor,Nordeste,1,893.15
4022,2024-06-19,Mouse,Norte,1,85.01
4023,2024-07-03,Teclado,Sul,3,149.76
4024,2024-07-24,Mouse,Nordeste,1,83.27
4025,2024-01-09,Notebook,Sul,4,3277.21
4026,2024-09-27,Headset,Centro-Oeste,4,216.74
4027,2024-11-01,Monitor,Centro-Oeste,4,815.34
4028,2024-10-14,Notebook,Norte,3,3289.28
4029,2024-04-12,Webcam,Sul,4,167.64
4030,2024-05-10,Monitor,Sudeste,4,888.63
4031,2024-02-10,Mouse,Centro-Oeste,5,73.03
4032,2024-03-11,Mouse,Sudeste,1,72.51
4033,2024-07-25,Teclado,Sudeste,4,138.01
4034,2024-11-16,Teclado,Sul,1,157.65
4035,2024-01-26,Notebook,Sudeste,5,3489.96
4036,2024-03-04,Monitor,Centro-Oeste,1,813.54
4037,2024-05-14,Webcam,Sul,2,181.58
4038,2024-02-04,Headset,Sul,3,223.26
4039,2024-05-07,Teclado,Norte,3,158.53
4040,2024-05-10,Notebook,Sul,5,3501.29
4041,2024-06-01,Headset,Sul,4,238.89
4042,2024-11-06,Monitor,Sul,4,925.0
4043,2024-02-03,Webcam,Nordeste,4,183.25
4044,2024-03-02,Webcam,Sudeste,4,183.71
4045,2024-05-29,Webcam,Norte,4,194.69
4046,2024-03-17,Notebook,Nordeste,4,3350.66
4047,2024-09-05,Notebook,Sudeste,5,3336.32
4048,2024-03-30,Mouse,Centro-Oeste,4,74.93
4049,2024-12-18,Webcam,Sul,5,183.42
4050,2024-10-18,Headset,Norte,5,217.63
4051,2024-02-04,Notebook,Centro-Oeste,2,3768.4
4052,2024-03-12,Webcam,Norte,2,178.82
4053,2024-08-23,Headset,Sul,2,202.65
4054,2024-01-29,Monitor,Nordeste,1,923.55
4055,2024-11-17,Webcam,Centro-Oeste,1,192.59
4056,2024-02-12,Headset,Nordeste,3,228.11
4057,2024-10-19,Headset,Sul,5,220.2
4058,2024-08-17,Headset,Nordeste,1,201.67
4059,2024-01-12,Monitor,Sul,5,922.67
4060,2024-12-04,Teclado,Sul,1,159.46
4061,2024-10-06,Notebook,Sudeste,3,3362.88
4062,2024-03-23,Mouse,Norte,4,87.15
4063,2024-09-24,Teclado,Sul,2,152.13
4064,2024-09-16,Monitor,Centro-Oeste,4,977.85
4065,2024-03-29,Headset,Norte,1,209.42
4066,2024-08-02,Notebook,Sudeste,3,3481.29
4067,2024-04-02,Notebook,Nordeste,4,3544.4
4068,2024-10-31,Teclado,Sudeste,1,157.94
4069,2024-02-13,Webcam,Nordeste,5,194.08
4070,2024-10-29,Webcam,Centro-Oeste,2,183.6
4071,2024-10-13,Monitor,Sul,2,893.4
4072,2024-10-23,Monitor,Sudeste,1,858.08
4073,2024-06-30,Headset,Nordeste,1,209.38
4074,2024-10-24,Notebook,Sudeste,1,3398.23
4075,2024-09-10,Notebook,Sul,2,3273.92
4076,2024-12-11,Teclado,Sul,5,141.72
4077,2024-07-12,Webcam,Centro-Oeste,1,190.05
4078,2024-10-24,Monitor,Sudeste,2,862.71
4079,2024-11-05,Notebook,Sudeste,3,3734.56
4080,2024-07-15,Monitor,Sul,2,939.66
4081,2024-08-07,Headset,Norte,3,217.93
4082,2024-03-18,Teclado,Norte,4,135.35
4083,2024-06-22,Headset,Norte,4,204.26
4084,2024-10-23,Teclado,Nordeste,4,143.26
4085,2024-03-05,Headset,Norte,5,240.58
4086,2024-05-16,Mouse,Sul,4,80.52
4087,2024-04-26,Headset,Sul,1,236.73
4088,2024-05-12,Mouse,Sudeste,4,74.42
4089,2024-08-15,Headset,Sul,5,201.0
4090,2024-11-15,Notebook,Norte,1,3359.93
4091,2024-02-27,Mouse,Sul,2,77.72
4092,2024-11-23,Headset,Nordeste,2,229.45
4093,2024-04-29,Notebook,Nordeste,4,3653.8
4094,2024-06-23,Notebook,Nordeste,2,3180.65
4095,2024-06-13,Teclado,Sul,5,137.83
4096,2024-12-24,Teclado,Norte,2,145.81
4097,2024-06-03,Teclado,Sudeste,2,142.87
4098,2024-02-19,Headset,Sudeste,3,226.61
4099,2024-12-22,Mouse,Centro-Oeste,3,72.45
4100,2024-08-01,Headset,Sudeste,1,218.68
4101,2024-09-04,Webcam,Norte,5,166.56
4102,2024-10-31,Teclado,Sul,5,157.59
4103,2024-01-22,Webcam,Sul,5,196.43
4104,2024-01-02,Webcam,Sudeste,4,192.0
4105,2024-02-19,Mouse,Centro-Oeste,1,79.09
4106,2024-09-21,Monitor,Norte,2,961.15
4107,2024-04-04,Headset,Sudeste,4,239.68
4108,2024-08-04,Headset,Sul,5,225.17
4109,2024-12-23,Mouse,Sul,4,83.14
4110,2024-08-13,Headset,Centro-Oeste,5,214.77
4111,2024-12-18,Teclado,Norte,3,145.21
4112,2024-06-09,Teclado,Norte,1,138.72
4113,2024-11-02,Mouse,Nordeste,1,85.52
4114,2024-07-03,Monitor,Nordeste,4,970.05
4115,2024-06-28,Notebook,Norte,1,3482.14
4116,2024-12-15,Monitor,Norte,2,959.85
4117,2024-10-11,Headset,Sudeste,2,216.53
4118,2024-07-29,Mouse,Nordeste,1,80.23
4119,2024-06-16,Teclado,Centro-Oeste,5,136.67
4120,2024-01-04,Monitor,Norte,1,916.94
4121,2024-10-20,Webcam,Centro-Oeste,2,172.75
4122,2024-05-08,Headset,Nordeste,1,210.91
4123,2024-07-11,Monitor,Centro-Oeste,5,920.41
4124,2024-09-11,Monitor,Sudeste,1,868.84
4125,2024-05-14,Monitor,Nordeste,1,957.63
4126,2024-06-10,Teclado,Sudeste,3,149.7
4127,2024-06-23,Monitor,Sul,1,912.82
4128,2024-06-12,Teclado,Nordeste,2,158.44
4129,2024-01-15,Headset,Sudeste,2,208.67
4130,2024-05-12,Teclado,Sudeste,4,158.5
4131,2024-04-04,Webcam,Sudeste,3,187.22
4132,2024-02-25,Notebook,Sudeste,3,3572.56
4133,2024-04-27,Teclado,Norte,1,155.84
4134,2024-08-05,Webcam,Nordeste,2,166.26
4135,2024-05-30,Mouse,Nordeste,4,78.85
4136,2024-12-21,Monitor,Sudeste,3,882.22
4137,2024-11-09,Teclado,Norte,4,135.83
4138,2024-03-31,Notebook,Centro-Oeste,1,3214.61
4139,2024-05-08,Headset,Sul,5,226.13
4140,2024-01-04,Notebook,Sul,1,3225.84
4141,2024-09-21,Headset,Sudeste,4,229.28
4142,2024-03-06,Headset,Nordeste,1,205.61
4143,2024-07-02,Headset,Sudeste,1,238.96
4144,2024-08-16,Teclado,Nordeste,4,158.78
4145,2024-11-22,Mouse,Sudeste,1,74.36
4146,2024-03-25,Notebook,Norte,2,3520.13
4147,2024-09-02,Mouse,Centro-Oeste,2,78.88
4148,2024-10-28,Webcam,Sudeste,5,163.73
4149,2024-06-28,Headset,Nordeste,3,241.27
4150,2024-03-30,Headset,Centro-Oeste,2,203.43
4151,2024-12-21,Headset,Nordeste,5,212.27
4152,2024-07-04,Teclado,Centro-Oeste,1,135.94
4153,2024-05-10,Monitor,Centro-Oeste,3,861.34
4154,2024-06-22,Monitor,Nordeste,2,962.19
4155,2024-02-27,Notebook,Nordeste,2,3257.91
4156,2024-08-17,Webcam,Centro-Oeste,5,184.13
4157,2024-09-08,Webcam,Sul,1,178.23
4158,2024-04-15,Monitor,Nordeste,3,926.11
4159,2024-03-26,Webcam,Sudeste,2,163.11
4160,2024-10-02,Headset,Sudeste,2,234.06
4161,2024-06-30,Monitor,Norte,5,820.94
4162,2024-11-06,Notebook,Sudeste,2,3728.69
4163,2024-06-17,Teclado,Nordeste,1,146.6
4164,2024-06-15,Mouse,Sul,5,85.28
4165,2024-11-15,Teclado,Nordeste,3,160.43
4166,2024-01-07,Teclado,Norte,1,150.44
4167,2024-07-21,Webcam,Sudeste,4,180.19
4168,2024-02-04,Headset,Sudeste,3,241.51
4169,2024-05-10,Teclado,Centro-Oeste,3,142.85
4170,2024-01-28,Monitor,Sul,2,957.5
4171,2024-12-18,Teclado,Norte,4,153.08
4172,2024-08-18,Mouse,Sul,1,72.25
4173,2024-11-29,Webcam,Centro-Oeste,2,185.17
4174,2024-03-16,Notebook,Sul,4,3822.24
4175,2024-12-04,Headset,Centro-Oeste,5,230.36
4176,2024-10-17,Headset,Sul,4,241.48
4177,2024-09-20,Headset,Nordeste,5,200.68
4178,2024-09-03,Teclado,Sul,2,160.13
4179,2024-05-20,Notebook,Sudeste,2,3327.66
4180,2024-01-19,Mouse,Norte,5,80.65
4181,2024-12-29,Monitor,Centro-Oeste,2,858.2
4182,2024-10-12,Mouse,Nordeste,5,79.19
4183,2024-04-30,Headset,Nordeste,5,232.86
4184,2024-02-27,Mouse,Sul,4,72.48
4185,2024-10-17,Mouse,Nordeste,2,80.27
4186,2024-01-26,Headset,Sul,5,238.66
4187,2024-03-15,Mouse,Norte,1,85.06
4188,2024-04-04,Notebook,Nordeste,2,3772.27
4189,2024-02-02,Notebook,Sul,4,3472.92
4190,2024-02-28,Monitor,Norte,1,901.43
4191,2024-11-01,Webcam,Sul,4,187.74
4192,2024-01-06,Notebook,Sul,1,3722.48
4193,2024-07-09,Mouse,Sudeste,1,76.62
4194,2024-04-30,Webcam,Sul,3,195.43
4195,2024-05-04,Webcam,Norte,5,180.37
4196,2024-09-04,Notebook,Centro-Oeste,4,3698.13
4197,2024-11-24,Headset,Nordeste,2,211.85
4198,2024-10-28,Monitor,Centro-Oeste,1,816.28
4199,2024-01-09,Mouse,Sudeste,4,86.66
4200,2024-07-08,Notebook,Centro-Oeste,3,3816.75
4201,2024-07-13,Headset,Sudeste,1,212.58
4202,2024-01-24,Webcam,Sudeste,4,197.01
4203,2024-07-18,Webcam,Sudeste,3,165.31
4204,2024-11-27,Notebook,Sudeste,3,3359.36
4205,2024-12-28,Notebook,Norte,2,3840.75
4206,2024-08-16,Notebook,Sul,3,3220.4
4207,2024-10-29,Headset,Centro-Oeste,5,218.66
4208,2024-11-10,Headset,Norte,3,232.01
4209,2024-08-08,Mouse,Sudeste,5,75.24
4210,2024-03-13,Headset,Sudeste,5,229.93
4211,2024-11-14,Headset,Sudeste,2,215.09
4212,2024-01-08,Monitor,Sul,2,907.19
4213,2024-10-11,Headset,Sul,5,203.21
4214,2024-12-15,Headset,Sudeste,5,201.2
4215,2024-07-08,Notebook,Sul,4,3276.43
4216,2024-02-09,Monitor,Sul,4,971.42
4217,2024-12-20,Notebook,Sul,2,3238.55
4218,2024-03-08,Notebook,Sudeste,3,3468.19
4219,2024-09-24,Webcam,Sul,5,191.92
4220,2024-07-13,Mouse,Norte,3,87.64
4221,2024-01-03,Headset,Sul,3,239.12
4222,2024-08-24,Notebook,Centro-Oeste,3,3507.35
4223,2024-08-23,Notebook,Sudeste,4,3353.55
4224,2024-12-09,Notebook,Nordeste,4,3357.76
4225,2024-04-04,Headset,Norte,1,221.84
4226,2024-10-09,Webcam,Nordeste,3,165.31
4227,2024-10-30,Webcam,Sudeste,2,177.69
4228,2024-03-24,Mouse,Nordeste,5,87.09
4229,2024-09-19,Teclado,Sul,1,148.48
4230,2024-05-15,Webcam,Centro-Oeste,3,194.98
4231,2024-10-10,Notebook,Centro-Oeste,3,3410.99
4232,2024-06-12,Notebook,Sudeste,5,3238.49
4233,2024-03-13,Headset,Nordeste,3,219.87
4234,2024-12-29,Notebook,Sul,1,3806.67
4235,2024-02-02,Notebook,Sudeste,2,3797.74
4236,2024-07-28,Teclado,Centro-Oeste,1,148.78
4237,2024-03-10,Mouse,Centro-Oeste,4,87.87
4238,2024-03-24,Headset,Sul,5,212.44
4239,2024-05-23,Webcam,Norte,1,165.2
4240,2024-11-29,Headset,Sul,2,205.08
4241,2024-08-19,Teclado,Nordeste,1,139.09
4242,2024-02-07,Monitor,Sudeste,5,976.36
4243,2024-01-04,Teclado,Sudeste,1,136.77
4244,2024-10-14,Teclado,Norte,1,138.49
4245,2024-01-01,Teclado,Sul,2,160.32
4246,2024-12-02,Notebook,Norte,3,3280.15
4247,2024-01-23,Notebook,Centro-Oeste,2,3812.9
4248,2024-01-28,Monitor,Sul,2,845.93
4249,2024-08-24,Notebook,Norte,4,3565.55
4250,2024-01-08,Webcam,Norte,4,171.23
4251,2024-11-30,Webcam,Norte,5,182.66
4252,2024-10-14,Teclado,Centro-Oeste,3,141.81
4253,2024-03-13,Webcam,Sul,5,178.86
4254,2024-10-11,Headset,Sul,2,236.07
4255,2024-06-25,Monitor,Nordeste,5,856.28
4256,2024-02-29,Monitor,Sudeste,1,982.68
4257,2024-09-20,Webcam,Nordeste,4,169.28
4258,2024-10-02,Teclado,Norte,2,162.05
4259,2024-02-06,Webcam,Norte,3,173.96
4260,2024-06-29,Mouse,Sul,5,78.45
4261,2024-04-03,Webcam,Norte,4,194.13
4262,2024-07-03,Mouse,Sudeste,3,80.38
4263,2024-06-21,Mouse,Nordeste,4,80.48
4264,2024-05-19,Monitor,Sul,4,817.01
4265,2024-08-17,Monitor,Nordeste,5,908.63
4266,2024-05-08,Webcam,Centro-Oeste,5,180.12
4267,2024-06-04,Headset,Nordeste,3,233.21
4268,2024-11-18,Monitor,Centro-Oeste,4,974.7
4269,2024-01-25,Headset,Centro-Oeste,3,200.34
4270,2024-05-21,Monitor,Norte,4,874.82
4271,2024-06-20,Headset,Centro-Oeste,1,214.03
4272,2024-03-22,Monitor,Nordeste,5,842.9
4273,2024-10-31,Notebook,Norte,5,3805.84
4274,2024-02-24,Teclado,Norte,4,153.87
4275,2024-01-15,Teclado,Sul,1,161.68
4276,2024-02-12,Notebook,Norte,4,3695.24
4277,2024-02-18,Monitor,Sul,1,835.62
4278,2024-12-26,Teclado,Sudeste,4,136.62
4279,2024-03-31,Webcam,Nordeste,1,176.62
4280,2024-07-08,Headset,Nordeste,3,233.97
4281,2024-12-23,Teclado,Norte,2,164.95
4282,2024-12-07,Notebook,Nordeste,2,3456.42
4283,2024-10-16,Teclado,Centro-Oeste,1,135.32
4284,2024-12-24,Monitor,Norte,1,867.51
4285,2024-04-19,Teclado,Nordeste,3,164.0
4286,2024-12-17,Webcam,Sul,3,177.85
4287,2024-06-22,Headset,Norte,4,210.43
4288,2024-02-21,Monitor,Sudeste,2,962.01
4289,2024-10-31,Monitor,Sul,1,977.54
4290,2024-10-29,Webcam,Centro-Oeste,1,194.88
4291,2024-02-03,Webcam,Norte,1,197.37
4292,2024-12-12,Teclado,Sul,2,164.1
4293,2024-01-07,Webcam,Nordeste,5,166.27
4294,2024-06-27,Teclado,Nordeste,1,161.35
4295,2024-01-24,Monitor,Sul,5,935.77
4296,2024-02-02,Teclado,Norte,5,144.0
4297,2024-02-18,Headset,Nordeste,3,236.74
4298,2024-03-30,Headset,Sul,3,213.23
4299,2024-07-10,Mouse,Sul,3,74.34
4300,2024-07-17,Teclado,Norte,1,136.78
4301,2024-10-18,Monitor,Sul,1,925.94
4302,2024-10-19,Monitor,Sudeste,5,820.58
4303,2024-07-17,Headset,Sudeste,4,209.56
4304,2024-05-03,Webcam,Sudeste,5,171.61
4305,2024-03-05,Webcam,Nordeste,2,182.53
4306,2024-06-06,Teclado,Sul,3,160.86
4307,2024-01-02,Notebook,Sudeste,4,3470.93
4308,2024-06-20,Mouse,Centro-Oeste,1,75.49
4309,2024-06-27,Webcam,Norte,1,179.76
4310,2024-06-09,Monitor,Centro-Oeste,2,971.79
4311,2024-05-26,Mouse,Norte,4,80.6
4312,2024-10-25,Mouse,Norte,2,82.58
4313,2024-12-25,Headset,Nordeste,2,232.73
4314,2024-06-18,Teclado,Norte,1,135.46
4315,2024-10-19,Notebook,Norte,4,3737.25
4316,2024-07-01,Notebook,Nordeste,1,3596.04
4317,2024-10-11,Headset,Sudeste,5,209.14
4318,2024-03-18,Notebook,Norte,1,3418.82
4319,2024-04-22,Monitor,Nordeste,5,976.95
4320,2024-12-13,Teclado,Centro-Oeste,4,145.02
4321,2024-10-11,Headset,Sul,4,212.22
4322,2024-04-05,Headset,Norte,2,224.11
4323,2024-08-04,Headset,Centro-Oeste,2,215.39
4324,2024-05-03,Mouse,Sudeste,2,84.76
4325,2024-03-13,Webcam,Sudeste,3,174.73
4326,2024-02-09,Mouse,Centro-Oeste,4,87.73
4327,2024-12-21,Notebook,Sul,2,3150.77
4328,2024-02-28,Monitor,Norte,3,961.53
4329,2024-10-08,Mouse,Norte,2,75.02
4330,2024-03-27,Webcam,Norte,5,188.12
4331,2024-02-04,Mouse,Centro-Oeste,5,84.57
4332,2024-10-20,Headset,Sudeste,1,228.2
4333,2024-02-18,Headset,Sudeste,1,232.0
4334,2024-08-11,Headset,Nordeste,5,214.34
4335,2024-10-08,Headset,Norte,5,236.75
4336,2024-08-25,Headset,Sudeste,2,228.98
4337,2024-07-14,Notebook,Sul,5,3181.12
4338,2024-06-22,Notebook,Nordeste,4,3524.48
4339,2024-11-05,Webcam,Nordeste,1,181.71
4340,2024-11-07,Monitor,Nordeste,5,973.55
4341,2024-03-29,Monitor,Sul,3,869.71
4342,2024-01-28,Teclado,Norte,5,139.14
4343,2024-09-01,Webcam,Nordeste,1,163.94
4344,2024-04-19,Headset,Sul,3,221.61
4345,2024-04-27,Webcam,Nordeste,2,164.13
4346,2024-05-22,Notebook,Centro-Oeste,4,3841.18
4347,2024-04-18,Webcam,Nordeste,5,188.92
4348,2024-08-03,Notebook,Centro-Oeste,5,3571.71
4349,2024-12-24,Mouse,Norte,2,83.77
4350,2024-01-07,Webcam,Nordeste,1,184.83
4351,2024-05-21,Notebook,Nordeste,2,3746.66
4352,2024-08-12,Mouse,Sudeste,3,85.61
4353,2024-12-22,Mouse,Norte,2,77.97
4354,2024-01-22,Mouse,Nordeste,5,73.5
4355,2024-01-25,Teclado,Sudeste,3,146.88
4356,2024-12-15,Notebook,Norte,3,3650.67
4357,2024-04-28,Headset,Sudeste,4,218.22
4358,2024-10-26,Monitor,Norte,5,906.71
4359,2024-02-06,Mouse,Norte,2,87.85
4360,2024-07-31,Notebook,Norte,4,3358.98
4361,2024-01-21,Headset,Nordeste,5,230.96
4362,2024-04-21,Headset,Norte,1,209.6
4363,2024-10-04,Webcam,Centro-Oeste,1,184.32
4364,2024-03-24,Monitor,Nordeste,5,824.61
4365,2024-03-01,Mouse,Sudeste,4,72.22
4366,2024-07-06,Notebook,Sudeste,5,3769.36
4367,2024-07-20,Monitor,Sudeste,1,878.97
4368,2024-07-20,Webcam,Nordeste,1,182.53
4369,2024-07-04,Monitor,Centro-Oeste,1,864.58
4370,2024-05-10,Teclado,Centro-Oeste,1,148.23
4371,2024-07-19,Monitor,Nordeste,3,918.84
4372,2024-04-25,Mouse,Sul,4,77.5
4373,2024-11-27,Teclado,Sul,4,140.02
4374,2024-03-07,Mouse,Nordeste,4,74.16
4375,2024-02-15,Notebook,Centro-Oeste,2,3329.01
4376,2024-12-06,Monitor,Nordeste,3,979.35
4377,2024-12-22,Headset,Centro-Oeste,3,227.63
4378,2024-12-13,Notebook,Sul,5,3595.36
4379,2024-09-30,Notebook,Sudeste,5,3815.26
4380,2024-02-20,Headset,Sul,4,204.49
4381,2024-06-08,Mouse,Norte,5,81.13
4382,2024-05-14,Monitor,Nordeste,2,910.75
4383,2024-03-09,Mouse,Centro-Oeste,4,87.59
4384,2024-07-06,Mouse,Norte,3,80.51
4385,2024-05-05,Mouse,Centro-Oeste,2,87.19
4386,2024-12-19,Notebook,Nordeste,1,3205.08
4387,2024-12-08,Teclado,Sul,4,147.17
4388,2024-05-16,Teclado,Centro-Oeste,4,158.35
4389,2024-12-19,Monitor,Sul,3,899.89
4390,2024-07-24,Monitor,Sul,3,939.91
4391,2024-06-20,Webcam,Nordeste,3,196.81
4392,2024-07-08,Monitor,Sul,4,988.4
4393,2024-07-20,Teclado,Sudeste,5,158.31
4394,2024-02-02,Monitor,Sudeste,2,973.07
4395,2024-02-10,Mouse,Nordeste,3,76.57
4396,2024-10-01,Notebook,Norte,5,3382.43
4397,2024-06-05,Headset,Sul,1,233.85
4398,2024-07-23,Mouse,Sul,2,77.17
4399,2024-10-21,Teclado,Sudeste,4,144.06
4400,2024-04-03,Monitor,Norte,2,812.44
4401,2024-03-10,Teclado,Nordeste,3,158.31
4402,2024-03-01,Headset,Centro-Oeste,2,214.93
4403,2024-01-27,Teclado,Centro-Oeste,5,152.51
4404,2024-03-21,Mouse,Sudeste,1,76.82
4405,2024-06-07,Teclado,Nordeste,1,148.58
4406,2024-04-22,Monitor,Sudeste,2,828.76
4407,2024-01-10,Webcam,Norte,5,185.24
4408,2024-03-03,Webcam,Sudeste,5,191.59
4409,2024-03-13,Mouse,Norte,1,77.89
4410,2024-08-16,Headset,Norte,5,210.36
4411,2024-04-17,Mouse,Centro-Oeste,3,83.83
4412,2024-08-09,Mouse,Sul,4,76.16
4413,2024-11-29,Webcam,Sudeste,1,166.05
4414,2024-11-25,Mouse,Nordeste,1,83.06
4415,2024-06-23,Monitor,Nordeste,2,972.89
4416,2024-08-19,Monitor,Nordeste,5,887.4
4417,2024-06-14,Webcam,Sudeste,2,169.02
4418,2024-02-27,Notebook,Centro-Oeste,1,3601.99
4419,2024-11-18,Notebook,Centro-Oeste,2,3719.57
4420,2024-02-02,Headset,Norte,3,212.32
4421,2024-12-03,Headset,Norte,1,199.11
4422,2024-09-04,Mouse,Nordeste,2,73.05
4423,2024-06-12,Mouse,Sudeste,2,73.92
4424,2024-11-05,Notebook,Centro-Oeste,2,3827.36
4425,2024-03-04,Webcam,Nordeste,4,181.05
4426,2024-12-21,Webcam,Norte,4,197.76
4427,2024-04-11,Notebook,Norte,2,3414.66
4428,2024-06-28,Teclado,Nordeste,5,158.27
4429,2024-01-14,Mouse,Sul,2,81.21
4430,2024-09-05,Webcam,Nordeste,3,166.6
4431,2024-11-11,Teclado,Centro-Oeste,2,162.29
4432,2024-03-27,Mouse,Nordeste,4,75.63
4433,2024-04-07,Headset,Sul,5,224.75
4434,2024-05-27,Notebook,Centro-Oeste,4,3633.83
4435,2024-06-30,Mouse,Nordeste,2,75.63
4436,2024-02-14,Monitor,Sul,3,984.96
4437,2024-07-22,Monitor,Norte,1,909.22
4438,2024-01-24,Monitor,Sul,2,880.04
4439,2024-03-02,Monitor,Sul,2,959.36
4440,2024-07-14,Mouse,Norte,1,72.23
4441,2024-03-20,Notebook,Sudeste,1,3397.95
4442,2024-04-23,Headset,Sul,5,225.81
4443,2024-12-27,Mouse,Norte,4,82.66
4444,2024-08-10,Webcam,Centro-Oeste,5,192.94
4445,2024-09-01,Monitor,Nordeste,3,889.67
4446,2024-03-08,Teclado,Nordeste,2,164.39
4447,2024-12-19,Mouse,Nordeste,2,87.24
4448,2024-09-17,Webcam,Norte,1,189.16
4449,2024-05-09,Teclado,Nordeste,3,151.81
4450,2024-10-16,Webcam,Nordeste,2,168.43
4451,2024-07-26,Teclado,Norte,4,140.49
4452,2024-06-21,Headset,Nordeste,3,226.87
4453,2024-05-04,Monitor,Sudeste,2,822.0
4454,2024-02-28,Webcam,Sul,1,171.78
4455,2024-09-08,Webcam,Centro-Oeste,1,191.8
4456,2024-09-05,Notebook,Centro-Oeste,2,3749.74
4457,2024-03-03,Teclado,Sul,3,139.45
4458,2024-02-06,Webcam,Nordeste,4,168.28
4459,2024-01-30,Webcam,Sul,3,185.9
4460,2024-10-19,Mouse,Sudeste,3,78.18
4461,2024-05-21,Teclado,Sudeste,1,145.85
4462,2024-10-18,Teclado,Norte,2,163.1
4463,2024-02-04,Webcam,Centro-Oeste,1,177.41
4464,2024-05-17,Webcam,Norte,1,182.38
4465,2024-06-24,Webcam,Centro-Oeste,4,171.78
4466,2024-12-09,Headset,Norte,5,229.72
4467,2024-04-18,Headset,Sul,3,217.84
4468,2024-07-02,Monitor,Nordeste,1,895.89
4469,2024-03-11,Notebook,Norte,3,3268.11
4470,2024-12-07,Mouse,Norte,1,81.96
4471,2024-09-11,Webcam,Norte,2,188.24
4472,2024-03-17,Notebook,Centro-Oeste,1,3808.56
4473,2024-05-04,Headset,Sudeste,5,215.76
4474,2024-10-17,Headset,Sudeste,4,199.6
4475,2024-08-30,Headset,Nordeste,1,205.26
4476,2024-09-04,Monitor,Nordeste,1,953.62
4477,2024-03-08,Mouse,Sudeste,4,82.8
4478,2024-08-23,Notebook,Centro-Oeste,5,3824.68
4479,2024-11-14,Headset,Sudeste,5,216.5
4480,2024-11-22,Mouse,Nordeste,5,86.4
4481,2024-12-20,Webcam,Centro-Oeste,2,166.15
4482,2024-11-18,Notebook,Sudeste,3,3366.14
4483,2024-09-19,Notebook,Sul,3,3277.18
4484,2024-03-15,Notebook,Norte,2,3234.74
4485,2024-06-29,Notebook,Norte,3,3490.4
4486,2024-05-19,Monitor,Centro-Oeste,5,925.22
4487,2024-09-02,Teclado,Norte,1,135.04
4488,2024-10-14,Monitor,Sudeste,4,865.11
4489,2024-12-06,Headset,Sudeste,4,215.64
4490,2024-08-17,Headset,Sul,4,238.63
4491,2024-08-02,Notebook,Nordeste,4,3773.37
4492,2024-12-19,Monitor,Norte,3,964.42
4493,2024-01-12,Notebook,Sudeste,2,3397.1
4494,2024-04-22,Webcam,Sudeste,2,163.35
4495,2024-07-16,Webcam,Centro-Oeste,5,177.36
4496,2024-08-25,Mouse,Sudeste,1,73.76
4497,2024-10-16,Webcam,Centro-Oeste,2,182.5
4498,2024-04-24,Monitor,Centro-Oeste,2,818.92
4499,2024-10-30,Teclado,Sudeste,1,140.38
4500,2024-02-26,Teclado,Nordeste,5,139.83
4501,2024-12-11,Monitor,Nordeste,4,863.95
4502,2024-06-09,Notebook,Sul,3,3791.32
4503,2024-10-13,Headset,Sul,3,224.92
4504,2024-05-24,Teclado,Sudeste,4,142.44
4505,2024-05-14,Teclado,Centro-Oeste,2,144.22
4506,2024-02-07,Teclado,Centro-Oeste,5,138.64
4507,2024-11-04,Headset,Sul,2,231.13
4508,2024-12-27,Mouse,Centro-Oeste,3,81.25
4509,2024-04-25,Teclado,Sul,3,161.31
4510,2024-01-09,Teclado,Sul,5,140.14
4511,2024-01-25,Mouse,Sul,3,80.01
4512,2024-11-05,Mouse,Sudeste,2,87.81
4513,2024-09-29,Webcam,Sul,5,192.89
4514,2024-02-21,Teclado,Nordeste,2,138.11
4515,2024-10-19,Notebook,Sudeste,2,3192.84
4516,2024-02-28,Mouse,Sudeste,1,79.66
4517,2024-09-22,Teclado,Centro-Oeste,2,143.61
4518,2024-07-30,Webcam,Centro-Oeste,3,179.01
4519,2024-03-08,Headset,Nordeste,1,208.76
4520,2024-06-03,Notebook,Centro-Oeste,5,3452.99
4521,2024-07-14,Teclado,Norte,2,156.71
4522,2024-10-17,Mouse,Norte,1,74.26
4523,2024-07-01,Webcam,Norte,2,190.04
4524,2024-08-24,Mouse,Centro-Oeste,4,85.83
4525,2024-12-27,Headset,Sul,4,206.37
4526,2024-06-21,Headset,Sudeste,1,222.44
4527,2024-02-10,Monitor,Sul,5,849.31
4528,2024-05-13,Notebook,Centro-Oeste,5,3358.84
4529,2024-12-22,Teclado,Centro-Oeste,4,146.64
4530,2024-02-07,Notebook,Nordeste,5,3535.51
4531,2024-04-14,Notebook,Centro-Oeste,2,3283.35
4532,2024-03-21,Monitor,Nordeste,1,964.44
4533,2024-06-07,Mouse,Sudeste,3,74.93
4534,2024-04-16,Monitor,Norte,1,864.23
4535,2024-08-18,Webcam,Sul,4,180.16
4536,2024-12-11,Webcam,Sudeste,5,191.92
4537,2024-10-09,Notebook,Centro-Oeste,2,3548.36
4538,2024-07-14,Teclado,Sul,1,139.59
4539,2024-02-15,Webcam,Sudeste,4,194.01
4540,2024-08-26,Notebook,Centro-Oeste,2,3845.48
4541,2024-04-16,Teclado,Centro-Oeste,1,139.65
4542,2024-07-06,Headset,Norte,2,205.13
4543,2024-11-08,Headset,Centro-Oeste,4,215.2
4544,2024-08-17,Mouse,Centro-Oeste,2,75.18
4545,2024-09-23,Mouse,Nordeste,5,84.69
4546,2024-03-10,Notebook,Norte,2,3381.13
4547,2024-02-25,Headset,Nordeste,2,236.62
4548,2024-01-12,Mouse,Nordeste,2,76.06
4549,2024-08-13,Monitor,Norte,1,930.66
4550,2024-08-21,Monitor,Centro-Oeste,1,888.76
4551,2024-03-13,Monitor,Sudeste,5,919.79
4552,2024-05-07,Teclado,Norte,2,143.34
4553,2024-04-17,Teclado,Norte,1,163.25
4554,2024-04-28,Mouse,Sul,5,84.31
4555,2024-03-28,Monitor,Nordeste,1,849.02
4556,2024-03-08,Webcam,Norte,2,181.45
4557,2024-02-04,Monitor,Sul,1,826.36
4558,2024-03-24,Webcam,Nordeste,2,172.54
4559,2024-01-30,Teclado,Sudeste,4,162.49
4560,2024-12-04,Teclado,Sul,4,156.89
4561,2024-08-31,Notebook,Sudeste,3,3727.39
4562,2024-02-24,Monitor,Sul,5,978.43
4563,2024-05-15,Mouse,Norte,4,77.76
4564,2024-04-26,Headset,Sul,4,204.78
4565,2024-08-28,Webcam,Nordeste,3,180.21
4566,2024-04-02,Notebook,Nordeste,3,3569.16
4567,2024-12-18,Headset,Centro-Oeste,4,215.34
4568,2024-05-24,Headset,Centro-Oeste,5,229.89
4569,2024-05-06,Mouse,Sudeste,2,82.04
4570,2024-10-20,Monitor,Norte,2,827.95
4571,2024-02-14,Notebook,Norte,1,3521.64
4572,2024-01-22,Headset,Nordeste,3,241.23
4573,2024-07-31,Headset,Sul,1,227.46
4574,2024-08-20,Notebook,Norte,4,3353.94
4575,2024-11-18,Notebook,Nordeste,5,3255.74
4576,2024-10-27,Notebook,Sul,5,3326.27
4577,2024-04-01,Teclado,Sul,3,157.06
4578,2024-09-09,Notebook,Norte,2,3272.85
4579,2024-07-17,Monitor,Centro-Oeste,2,849.66
4580,2024-04-03,Monitor,Nordeste,1,874.93
4581,2024-03-17,Teclado,Nordeste,1,146.27
4582,2024-12-13,Monitor,Centro-Oeste,3,916.4
4583,2024-07-14,Webcam,Nordeste,2,188.64
4584,2024-12-20,Notebook,Sul,2,3291.65
4585,2024-05-30,Teclado,Centro-Oeste,4,161.32
4586,2024-06-05,Notebook,Sul,5,3499.37
4587,2024-10-24,Headset,Centro-Oeste,1,209.92
4588,2024-03-26,Notebook,Norte,3,3579.69
4589,2024-09-16,Monitor,Centro-Oeste,1,920.17
4590,2024-04-07,Teclado,Sudeste,4,142.72
4591,2024-04-03,Webcam,Sudeste,4,184.85
4592,2024-03-22,Mouse,Sul,3,78.63
4593,2024-04-04,Teclado,Sudeste,4,149.22
4594,2024-03-22,Mouse,Centro-Oeste,5,74.46
4595,2024-02-11,Monitor,Sudeste,3,907.69
4596,2024-11-05,Mouse,Nordeste,1,82.47
4597,2024-03-21,Headset,Nordeste,5,210.58
4598,2024-06-14,Notebook,Sudeste,2,3179.43
4599,2024-06-11,Headset,Centro-Oeste,5,215.7
4600,2024-05-05,Monitor,Sudeste,2,926.24
4601,2024-11-14,Mouse,Centro-Oeste,2,72.68
4602,2024-02-08,Monitor,Centro-Oeste,3,922.23
4603,2024-11-26,Notebook,Sul,3,3217.97
4604,2024-02-24,Mouse,Nordeste,5,84.16
4605,2024-01-23,Notebook,Centro-Oeste,5,3524.1
4606,2024-12-26,Mouse,Nordeste,1,85.1
4607,2024-03-31,Notebook,Nordeste,1,3814.83
4608,2024-02-09,Mouse,Centro-Oeste,3,80.18
4609,2024-12-30,Notebook,Centro-Oeste,5,3257.56
4610,2024-10-05,Monitor,Sudeste,5,899.91
4611,2024-06-01,Monitor,Norte,1,947.44
4612,2024-09-28,Notebook,Centro-Oeste,3,3539.39
4613,2024-07-18,Notebook,Centro-Oeste,3,3675.05
4614,2024-01-01,Webcam,Norte,4,168.4
4615,2024-09-11,Headset,Sudeste,5,219.14
4616,2024-09-23,Teclado,Centro-Oeste,4,154.13
4617,2024-07-23,Teclado,Centro-Oeste,1,152.87
4618,2024-03-07,Webcam,Nordeste,3,185.71
4619,2024-11-08,Notebook,Nordeste,4,3716.06
4620,2024-02-08,Mouse,Nordeste,2,72.27
4621,2024-02-02,Webcam,Norte,3,167.87
4622,2024-09-29,Teclado,Nordeste,1,143.44
4623,2024-09-18,Monitor,Sul,1,826.21
4624,2024-08-16,Headset,Nordeste,4,223.88
4625,2024-11-09,Headset,Centro-Oeste,5,228.39
4626,2024-11-29,Notebook,Nordeste,5,3638.82
4627,2024-10-08,Notebook,Norte,1,3303.54
4628,2024-08-04,Monitor,Sudeste,1,942.75
4629,2024-03-27,Webcam,Norte,1,162.19
4630,2024-03-23,Mouse,Sul,3,75.09
4631,2024-04-06,Monitor,Norte,1,867.92
4632,2024-06-16,Notebook,Nordeste,3,3320.99
4633,2024-04-30,Headset,Sul,1,239.15
4634,2024-12-18,Headset,Nordeste,4,235.07
4635,2024-03-28,Headset,Sul,5,200.75
4636,2024-07-22,Monitor,Sul,4,839.52
4637,2024-08-11,Monitor,Nordeste,2,841.92
4638,2024-04-15,Headset,Sul,5,237.29
4639,2024-04-14,Webcam,Nordeste,4,176.67
4640,2024-02-12,Webcam,Sul,3,184.86
4641,2024-10-04,Webcam,Sudeste,2,176.32
4642,2024-05-06,Notebook,Sudeste,5,3363.29
4643,2024-01-01,Notebook,Norte,2,3258.54
4644,2024-03-21,Headset,Nordeste,2,229.54
4645,2024-02-20,Mouse,Sul,5,83.7
4646,2024-06-27,Mouse,Nordeste,4,83.79
4647,2024-02-02,Webcam,Sul,4,173.71
4648,2024-12-24,Webcam,Norte,4,196.3
4649,2024-09-09,Monitor,Sudeste,1,927.12
4650,2024-11-18,Monitor,Centro-Oeste,5,840.07
4651,2024-10-02,Webcam,Sul,1,192.83
4652,2024-05-06,Teclado,Norte,5,138.82
4653,2024-08-15,Headset,Sudeste,1,218.27
4654,2024-12-21,Headset,Norte,3,240.68
4655,2024-10-23,Monitor,Sul,2,907.38
4656,2024-06-28,Teclado,Sudeste,2,157.03
4657,2024-03-18,Notebook,Sudeste,4,3408.05
4658,2024-09-30,Monitor,Sudeste,2,920.09
4659,2024-10-21,Teclado,Norte,2,144.71
4660,2024-06-06,Mouse,Sul,5,81.49
4661,2024-06-24,Mouse,Centro-Oeste,2,81.64
4662,2024-08-10,Webcam,Norte,4,188.57
4663,2024-10-23,Mouse,Sul,1,79.12
4664,2024-08-31,Webcam,Nordeste,5,176.83
4665,2024-06-04,Headset,Norte,4,223.26
4666,2024-09-05,Monitor,Norte,5,810.69
4667,2024-08-22,Headset,Centro-Oeste,4,209.22
4668,2024-12-17,Teclado,Sul,5,143.53
4669,2024-02-08,Teclado,Sul,2,159.08
4670,2024-06-03,Headset,Norte,4,218.33
4671,2024-08-22,Teclado,Sul,3,141.19
4672,2024-10-24,Webcam,Sul,5,165.85
4673,2024-05-29,Monitor,Sul,5,815.03
4674,2024-06-10,Teclado,Norte,5,140.0
4675,2024-09-20,Webcam,Sudeste,1,173.76
4676,2024-03-01,Mouse,Norte,2,78.38
4677,2024-01-21,Monitor,Sudeste,4,862.18
4678,2024-02-01,Headset,Norte,5,205.88
4679,2024-05-09,Headset,Centro-Oeste,5,202.59
4680,2024-01-01,Mouse,Sul,5,81.17
4681,2024-12-06,Mouse,Norte,3,79.72
4682,2024-10-03,Webcam,Sul,2,184.28
4683,2024-08-30,Webcam,Centro-Oeste,1,181.92
4684,2024-05-01,Monitor,Norte,2,976.58
4685,2024-07-08,Monitor,Norte,1,810.11
4686,2024-12-13,Notebook,Centro-Oeste,4,3681.84
4687,2024-02-22,Monitor,Sul,5,874.06
4688,2024-01-09,Mouse,Centro-Oeste,4,76.68
4689,2024-05-13,Headset,Sul,2,234.32
4690,2024-12-06,Headset,Centro-Oeste,4,217.75
4691,2024-09-14,Notebook,Sudeste,1,3607.54
4692,2024-08-29,Headset,Nordeste,4,236.64
4693,2024-01-16,Notebook,Norte,2,3449.41
4694,2024-03-03,Webcam,Norte,2,171.77
4695,2024-06-04,Teclado,Centro-Oeste,2,153.04
4696,2024-07-20,Notebook,Sudeste,3,3615.69
4697,2024-10-13,Monitor,Sudeste,3,839.67
4698,2024-07-12,Notebook,Nordeste,2,3231.78
4699,2024-11-08,Teclado,Sul,4,161.17
4700,2024-06-10,Mouse,Sudeste,2,74.95
4701,2024-03-04,Mouse,Sul,1,77.31
4702,2024-11-21,Mouse,Centro-Oeste,4,84.69
4703,2024-09-12,Teclado,Centro-Oeste,4,162.02
4704,2024-10-04,Teclado,Centro-Oeste,3,146.17
4705,2024-11-03,Mouse,Sudeste,3,74.73
4706,2024-09-30,Mouse,Nordeste,3,72.1
4707,2024-03-11,Notebook,Centro-Oeste,3,3660.06
4708,2024-02-22,Mouse,Nordeste,5,72.9
4709,2024-05-07,Webcam,Sudeste,2,185.7
4710,2024-02-04,Notebook,Sudeste,2,3796.19
4711,2024-03-14,Webcam,Sudeste,4,167.65
4712,2024-10-01,Teclado,Sul,2,153.52
4713,2024-06-13,Headset,Centro-Oeste,5,212.29
4714,2024-10-26,Mouse,Centro-Oeste,2,82.9
4715,2024-03-12,Teclado,Centro-Oeste,1,147.18
4716,2024-06-16,Headset,Sudeste,3,225.06
4717,2024-02-04,Monitor,Norte,3,974.92
4718,2024-11-22,Headset,Norte,3,211.57
4719,2024-05-12,Notebook,Sudeste,4,3365.08
4720,2024-04-27,Monitor,Centro-Oeste,2,874.19
4721,2024-06-01,Mouse,Sudeste,5,83.71
4722,2024-05-31,Webcam,Norte,4,166.29
4723,2024-06-02,Headset,Sul,4,206.78
4724,2024-11-04,Teclado,Nordeste,1,145.0
4725,2024-09-18,Monitor,Sul,1,850.0
4726,2024-09-28,Notebook,Nordeste,4,3208.2
4727,2024-12-18,Notebook,Nordeste,2,3727.85
4728,2024-11-03,Headset,Nordeste,4,239.2
4729,2024-08-30,Headset,Sul,5,237.14
4730,2024-02-04,Headset,Centro-Oeste,2,219.12
4731,2024-04-10,Monitor,Norte,3,958.9
4732,2024-04-04,Monitor,Centro-Oeste,1,866.42
4733,2024-08-15,Notebook,Centro-Oeste,4,3378.7
4734,2024-04-18,Webcam,Centro-Oeste,2,179.37
4735,2024-01-26,Headset,Norte,5,222.84
4736,2024-07-01,Notebook,Sudeste,4,3281.59
4737,2024-07-14,Teclado,Sudeste,1,157.06
4738,2024-07-12,Monitor,Nordeste,5,955.63
4739,2024-02-03,Headset,Centro-Oeste,2,207.24
4740,2024-03-10,Monitor,Sul,5,913.61
4741,2024-11-18,Monitor,Sudeste,3,984.9
4742,2024-01-27,Teclado,Sul,5,152.25
4743,2024-12-19,Notebook,Norte,1,3183.76
4744,2024-10-10,Headset,Centro-Oeste,4,208.03
4745,2024-09-29,Notebook,Nordeste,3,3264.61
4746,2024-02-13,Webcam,Sul,5,176.75
4747,2024-05-28,Headset,Centro-Oeste,2,226.62
4748,2024-05-21,Monitor,Sul,5,863.56
4749,2024-11-10,Webcam,Sudeste,5,175.35
4750,2024-10-14,Mouse,Centro-Oeste,4,77.26
4751,2024-10-19,Webcam,Centro-Oeste,5,166.55
4752,2024-02-26,Headset,Sul,1,205.88
4753,2024-08-13,Notebook,Sul,4,3661.79
4754,2024-12-04,Headset,Norte,2,211.17
4755,2024-04-06,Headset,Sul,4,237.54
4756,2024-01-08,Monitor,Centro-Oeste,5,905.24
4757,2024-06-17,Teclado,Norte,3,158.84
4758,2024-08-05,Mouse,Sudeste,2,80.37
4759,2024-09-24,Monitor,Norte,1,842.8
4760,2024-11-22,Mouse,Norte,2,80.45
4761,2024-08-10,Teclado,Sul,1,158.26
4762,2024-05-05,Headset,Sul,4,234.71
4763,2024-05-20,Notebook,Centro-Oeste,5,3157.95
4764,2024-11-12,Notebook,Sul,2,3733.38
4765,2024-08-27,Monitor,Sul,1,876.67
4766,2024-10-13,Mouse,Sudeste,4,81.36
4767,2024-07-10,Mouse,Norte,3,83.91
4768,2024-01-11,Headset,Sudeste,1,231.83
4769,2024-06-12,Webcam,Nordeste,2,186.24
4770,2024-03-03,Notebook,Norte,5,3318.79
4771,2024-02-10,Headset,Norte,2,240.18
4772,2024-03-05,Headset,Sul,4,211.52
4773,2024-06-10,Webcam,Centro-Oeste,1,170.76
4774,2024-01-22,Monitor,Sul,1,934.22
4775,2024-09-30,Teclado,Norte,5,156.52
4776,2024-05-25,Notebook,Centro-Oeste,1,3765.52
4777,2024-04-18,Teclado,Sudeste,2,147.01
4778,2024-12-22,Teclado,Sul,4,141.17
4779,2024-03-12,Monitor,Sudeste,1,849.07
4780,2024-09-17,Teclado,Sul,4,152.05
4781,2024-06-29,Mouse,Nordeste,5,72.97
4782,2024-11-16,Notebook,Centro-Oeste,5,3375.23
4783,2024-02-16,Monitor,Centro-Oeste,3,891.07
4784,2024-02-14,Mouse,Centro-Oeste,4,85.13
4785,2024-10-26,Mouse,Sudeste,5,74.97
4786,2024-02-29,Teclado,Norte,4,143.71
4787,2024-12-13,Monitor,Sul,1,928.8
4788,2024-05-02,Headset,Sudeste,4,206.0
4789,2024-03-22,Notebook,Sul,5,3445.28
4790,2024-07-12,Webcam,Sudeste,1,174.35
4791,2024-05-31,Mouse,Nordeste,5,73.32
4792,2024-05-11,Teclado,Norte,4,137.3
4793,2024-11-15,Notebook,Sudeste,3,3594.22
4794,2024-06-20,Mouse,Sul,3,78.55
4795,2024-01-22,Teclado,Centro-Oeste,1,136.12
4796,2024-10-13,Webcam,Sul,1,166.87
4797,2024-01-05,Mouse,Centro-Oeste,2,79.79
4798,2024-08-04,Mouse,Nordeste,5,85.96
4799,2024-11-20,Teclado,Centro-Oeste,3,148.6
4800,2024-10-23,Headset,Nordeste,5,211.95
4801,2024-01-12,Mouse,Sul,4,81.2
4802,2024-08-02,Notebook,Sudeste,4,3332.09
4803,2024-11-06,Webcam,Norte,5,168.25
4804,2024-10-01,Headset,Centro-Oeste,5,220.4
4805,2024-06-12,Teclado,Centro-Oeste,1,160.67
4806,2024-06-17,Mouse,Sul,4,74.17
4807,2024-03-04,Monitor,Sudeste,3,969.89
4808,2024-11-24,Notebook,Sudeste,5,3821.9
4809,2024-02-24,Notebook,Sudeste,3,3692.96
4810,2024-04-13,Notebook,Centro-Oeste,2,3563.45
4811,2024-02-03,Headset,Sul,4,207.04
4812,2024-08-14,Monitor,Centro-Oeste,5,850.04
4813,2024-04-19,Mouse,Sudeste,3,84.18
4814,2024-01-08,Monitor,Centro-Oeste,1,851.86
4815,2024-11-05,Notebook,Norte,5,3789.2
4816,2024-04-08,Teclado,Sul,4,164.08
4817,2024-10-06,Mouse,Nordeste,4,74.13
4818,2024-03-26,Teclado,Norte,3,137.03
4819,2024-04-29,Mouse,Norte,5,72.56
4820,2024-07-01,Webcam,Sudeste,4,166.82
4821,2024-05-23,Teclado,Norte,1,136.7
4822,2024-09-10,Webcam,Sul,3,165.59
4823,2024-03-22,Mouse,Centro-Oeste,3,87.97
4824,2024-10-09,Mouse,Norte,1,81.94
4825,2024-11-11,Webcam,Centro-Oeste,1,196.37
4826,2024-03-14,Mouse,Centro-Oeste,5,87.23
4827,2024-10-27,Notebook,Sul,4,3255.72
4828,2024-05-10,Monitor,Sul,4,846.84
4829,2024-07-10,Mouse,Norte,4,85.47
4830,2024-04-04,Mouse,Centro-Oeste,1,76.24
4831,2024-11-26,Webcam,Nordeste,2,177.09
4832,2024-09-30,Notebook,Sul,1,3174.81
4833,2024-07-14,Teclado,Sul,4,137.98
4834,2024-04-20,Monitor,Norte,4,812.16
4835,2024-07-23,Headset,Sudeste,2,200.47
4836,2024-01-18,Mouse,Norte,5,77.36
4837,2024-07-19,Mouse,Sudeste,2,73.12
4838,2024-04-10,Teclado,Sudeste,5,152.5
4839,2024-06-22,Notebook,Sudeste,4,3573.44
4840,2024-01-31,Notebook,Norte,4,3320.38
4841,2024-10-15,Teclado,Norte,1,158.96
4842,2024-11-11,Mouse,Sudeste,1,75.03
4843,2024-12-01,Notebook,Sudeste,2,3262.17
4844,2024-04-14,Notebook,Sul,4,3546.46
4845,2024-09-17,Webcam,Sudeste,1,185.58
4846,2024-03-13,Monitor,Nordeste,1,814.49
4847,2024-06-10,Teclado,Centro-Oeste,4,158.77
4848,2024-02-26,Monitor,Sul,2,908.49
4849,2024-08-30,Notebook,Norte,4,3329.78
4850,2024-07-27,Mouse,Norte,2,85.2
4851,2024-05-30,Teclado,Nordeste,2,145.82
4852,2024-11-27,Notebook,Sudeste,1,3250.85
4853,2024-04-19,Mouse,Sul,3,84.09
4854,2024-12-06,Mouse,Norte,5,76.35
4855,2024-08-16,Webcam,Sudeste,2,175.53
4856,2024-04-16,Notebook,Nordeste,4,3599.09
4857,2024-06-10,Teclado,Norte,2,162.69
4858,2024-07-28,Monitor,Norte,4,918.48
4859,2024-10-12,Teclado,Norte,2,143.11
4860,2024-12-20,Teclado,Centro-Oeste,5,151.2
4861,2024-07-14,Notebook,Norte,2,3224.04
4862,2024-12-07,Headset,Norte,3,240.02
4863,2024-10-24,Headset,Norte,2,233.44
4864,2024-07-26,Headset,Centro-Oeste,5,233.3
4865,2024-05-10,Monitor,Sudeste,5,887.03
4866,2024-12-11,Headset,Sudeste,2,207.41
4867,2024-01-31,Monitor,Norte,5,904.59
4868,2024-08-21,Teclado,Centro-Oeste,1,150.34
4869,2024-08-12,Mouse,Sul,1,87.63
4870,2024-10-19,Notebook,Norte,4,3354.1
4871,2024-03-07,Headset,Norte,4,211.23
4872,2024-07-25,Notebook,Sul,5,3803.3
4873,2024-07-20,Mouse,Sul,2,85.34
4874,2024-04-27,Teclado,Centro-Oeste,5,143.07
4875,2024-05-18,Monitor,Sudeste,1,900.75
4876,2024-04-24,Notebook,Sul,5,3437.15
4877,2024-08-09,Teclado,Nordeste,2,156.43
4878,2024-03-27,Notebook,Norte,2,3289.51
4879,2024-09-08,Webcam,Nordeste,1,174.93
4880,2024-01-01,Teclado,Nordeste,2,135.06
4881,2024-01-10,Notebook,Sul,5,3413.83
4882,2024-07-25,Teclado,Sudeste,2,152.81
4883,2024-01-03,Headset,Norte,5,220.93
4884,2024-02-16,Headset,Norte,3,203.24
4885,2024-01-12,Notebook,Sul,1,3419.14
4886,2024-11-17,Webcam,Nordeste,2,167.0
4887,2024-04-13,Monitor,Sudeste,5,931.19
4888,2024-08-23,Headset,Sul,1,215.08
4889,2024-06-21,Headset,Centro-Oeste,5,241.52
4890,2024-10-07,Notebook,Sudeste,4,3849.98
4891,2024-05-05,Monitor,Norte,1,814.15
4892,2024-10-28,Headset,Sul,3,228.11
4893,2024-08-10,Mouse,Norte,1,83.57
4894,2024-08-16,Mouse,Norte,1,80.37
4895,2024-06-11,Notebook,Norte,5,3538.71
4896,2024-12-21,Teclado,Centro-Oeste,3,150.04
4897,2024-06-07,Headset,Nordeste,1,206.32
4898,2024-12-06,Teclado,Norte,1,145.89
4899,2024-05-02,Teclado,Centro-Oeste,4,147.33
4900,2024-06-13,Monitor,Sudeste,5,919.3
4901,2024-05-25,Teclado,Sul,3,160.9
4902,2024-08-14,Monitor,Nordeste,1,827.19
4903,2024-03-11,Headset,Centro-Oeste,1,233.64
4904,2024-10-03,Webcam,Norte,5,167.48
4905,2024-11-30,Mouse,Nordeste,5,79.15
4906,2024-01-01,Teclado,Nordeste,4,139.22
4907,2024-06-26,Headset,Sul,1,219.86
4908,2024-06-15,Webcam,Nordeste,4,170.19
4909,2024-11-22,Teclado,Nordeste,4,144.35
4910,2024-06-25,Mouse,Sudeste,1,72.13
4911,2024-03-22,Notebook,Sul,1,3844.74
4912,2024-03-12,Headset,Sul,3,202.72
4913,2024-12-17,Notebook,Sudeste,1,3589.84
4914,2024-06-16,Webcam,Centro-Oeste,5,162.64
4915,2024-07-22,Webcam,Norte,1,164.19
4916,2024-03-29,Headset,Nordeste,1,209.64
4917,2024-01-13,Monitor,Norte,1,833.0
4918,2024-09-24,Mouse,Nordeste,4,73.39
4919,2024-03-30,Notebook,Nordeste,2,3547.46
4920,2024-08-06,Webcam,Norte,3,165.22
4921,2024-12-01,Notebook,Centro-Oeste,5,3650.73
4922,2024-09-11,Notebook,Sudeste,4,3676.0
4923,2024-05-12,Mouse,Centro-Oeste,4,83.61
4924,2024-12-01,Teclado,Nordeste,2,164.35
4925,2024-04-22,Monitor,Centro-Oeste,4,958.54
4926,2024-02-24,Notebook,Sul,1,3383.03
4927,2024-07-06,Notebook,Sudeste,2,3824.83
4928,2024-09-08,Teclado,Nordeste,3,142.05
4929,2024-08-03,Headset,Norte,4,241.96
4930,2024-03-27,Headset,Nordeste,3,231.3
4931,2024-12-13,Webcam,Nordeste,4,186.05
4932,2024-07-20,Mouse,Sudeste,1,80.15
4933,2024-12-26,Monitor,Sudeste,3,977.74
4934,2024-03-19,Monitor,Nordeste,3,987.04
4935,2024-08-14,Headset,Sudeste,5,217.45
4936,2024-11-15,Teclado,Centro-Oeste,4,149.01
4937,2024-12-05,Notebook,Nordeste,5,3192.06
4938,2024-07-04,Mouse,Norte,1,78.6
4939,2024-09-18,Notebook,Centro-Oeste,5,3545.94
4940,2024-03-15,Teclado,Nordeste,2,144.4
4941,2024-04-17,Teclado,Centro-Oeste,1,144.22
4942,2024-07-12,Monitor,Sul,2,980.55
4943,2024-02-14,Mouse,Centro-Oeste,4,85.5
4944,2024-07-01,Headset,Nordeste,3,209.3
4945,2024-01-09,Mouse,Sudeste,3,84.82
4946,2024-02-15,Webcam,Norte,1,186.14
4947,2024-09-09,Headset,Nordeste,5,222.22
4948,2024-03-16,Headset,Sudeste,2,198.11
4949,2024-08-07,Webcam,Nordeste,3,170.11
4950,2024-10-27,Webcam,Centro-Oeste,5,193.48
4951,2024-04-01,Headset,Norte,5,220.74
4952,2024-08-02,Headset,Sul,1,241.7
4953,2024-05-12,Monitor,Norte,3,962.41
4954,2024-01-23,Notebook,Nordeste,1,3262.7
4955,2024-06-08,Teclado,Nordeste,3,137.47
4956,2024-04-05,Webcam,Nordeste,1,166.26
4957,2024-01-27,Monitor,Centro-Oeste,5,943.92
4958,2024-08-05,Headset,Norte,2,219.85
4959,2024-11-24,Notebook,Sul,4,3187.01
4960,2024-04-13,Notebook,Nordeste,1,3849.65
4961,2024-02-23,Mouse,Sul,4,80.81
4962,2024-11-14,Headset,Sul,1,201.53
4963,2024-01-17,Teclado,Norte,2,143.93
4964,2024-02-29,Monitor,Nordeste,1,945.04
4965,2024-02-20,Monitor,Sul,4,947.15
4966,2024-07-31,Headset,Norte,1,236.92
4967,2024-03-20,Monitor,Centro-Oeste,5,986.0
4968,2024-09-16,Notebook,Centro-Oeste,1,3557.28
4969,2024-11-21,Teclado,Sudeste,5,144.86
4970,2024-01-05,Teclado,Norte,1,141.18
4971,2024-06-23,Monitor,Nordeste,3,905.42
4972,2024-03-02,Webcam,Norte,4,195.21
4973,2024-09-27,Headset,Sudeste,5,230.77
4974,2024-03-11,Monitor,Sudeste,5,946.88
4975,2024-04-26,Webcam,Sudeste,1,196.04
4976,2024-08-06,Notebook,Norte,5,3633.18
4977,2024-11-11,Notebook,Sudeste,2,3240.84
4978,2024-12-12,Mouse,Sul,5,82.14
4979,2024-05-08,Monitor,Sudeste,4,949.48
4980,2024-04-11,Headset,Sudeste,3,234.85
4981,2024-08-17,Notebook,Sudeste,5,3754.3
4982,2024-04-03,Notebook,Centro-Oeste,5,3160.45
4983,2024-10-08,Webcam,Centro-Oeste,3,178.76
4984,2024-01-17,Headset,Norte,2,226.66
4985,2024-05-30,Webcam,Nordeste,2,169.68
4986,2024-04-05,Monitor,Nordeste,1,880.33
4987,2024-07-15,Notebook,Sul,4,3536.04
4988,2024-05-12,Monitor,Sudeste,4,813.59
4989,2024-12-15,Monitor,Centro-Oeste,1,888.65
4990,2024-03-01,Webcam,Nordeste,5,192.59
4991,2024-12-22,Teclado,Nordeste,1,144.66
4992,2024-02-29,Webcam,Sudeste,3,191.64
4993,2024-02-07,Monitor,Norte,4,976.99
4994,2024-04-11,Mouse,Centro-Oeste,1,87.67
4995,2024-09-24,Webcam,Centro-Oeste,2,172.15
4996,2024-12-25,Mouse,Norte,5,80.61
4997,2024-10-22,Mouse,Nordeste,3,80.67
4998,2024-09-14,Teclado,Norte,2,135.71
4999,2024-02-24,Teclado,Sudeste,5,159.28
5000,2024-01-08,Notebook,Centro-Oeste,2,3182.8
